	genes	instances
zf-C2H2	700	4624
zf-H2C2_2	430	1140
ig	393	880
Cadherin	143	864
I-set	230	828
fn3	155	759
Ig_2	346	732
EGF	165	728
Ank	224	691
Collagen	85	682
7tm_1	679	679
Ig_3	226	659
Ank_4	262	656
LRR_8	216	579
Ank_5	241	572
Ank_3	207	504
Ank_2	250	496
Pkinase_Tyr	481	494
7tm_4	485	485
EGF_CA	113	461
Pkinase	443	452
KRAB	441	448
V-set	361	389
RRM_1	230	388
Sushi	71	355
WD40	151	349
EGF_2	106	307
DUF1220	27	307
Homeobox	263	293
Spectrin	25	284
zf-C3HC4	271	275
PH	235	265
Keratin_B2_2	86	259
SH3_2	192	258
Kelch_1	74	258
PDZ	144	250
C1-set	206	242
zf-RING_UBOX	236	238
cEGF	51	230
SH3_9	173	226
SH3_1	175	225
zf-C2H2_6	165	221
zf-C2H2_4	162	218
zf-C3HC4_2	214	215
zf-RING_2	210	212
C2	133	210
Ldl_recept_a	43	208
Laminin_EGF	35	202
zf-C3HC4_3	189	194
hEGF	51	184
LRR_4	128	183
Ion_trans	114	182
EF-hand_1	101	180
LIM	80	175
TSP_1	59	172
Ras	167	167
Mito_carr	58	164
FXa_inhibition	64	163
Roc	158	158
CUB	51	156
Nebulin	4	153
zf-RING_5	149	151
BTB	140	148
7TM_GPCR_Srsx	146	146
Kelch_3	63	142
Ldl_recept_b	14	142
Lectin_C	89	141
Arm	37	140
zf-C3HC4_4	134	136
Trypsin	130	134
TPR_1	71	131
IQ	62	131
EF-hand_7	107	130
Helicase_C	128	129
Kelch_6	65	129
Kelch_2	58	128
Plectin	8	128
SPRY	114	121
PHD	85	120
VWA_2	82	120
zf-B_box	113	119
SH2	107	119
Arf	115	115
VWA	71	115
MFS_1	114	114
RCC1	21	114
HLH	113	113
CH	75	112
Laminin_G_2	44	111
C2-set_2	94	110
SAM_2	88	108
ABC_tran	69	107
SAM_1	93	105
Hemopexin	26	100
Laminin_G_1	36	99
Kelch_4	51	98
Filamin	11	98
Cadherin_2	95	95
EF-hand_6	75	93
KH_1	37	92
MMR_HSR1	90	91
DEAD	86	88
PRY	87	87
TPR_2	58	87
RCC1_2	20	87
Filament	83	83
Ion_trans_2	68	83
WW	49	83
ubiquitin	61	81
Cadherin_C_2	79	79
C1_1	61	79
Histone	77	77
zf-CCCH	56	77
TIG	27	76
RhoGEF	72	74
Kazal_2	47	74
SRCR	19	74
zf-H2C2_5	43	73
UCH_1	72	72
RhoGAP	71	71
adh_short	70	70
MHC_I	70	70
TPR_12	40	69
Annexin	16	68
Bromodomain	47	66
zf-met	36	65
Prok-RING_4	62	62
Homeobox_KN	60	61
BACK	60	60
p450	60	60
HMG_box	50	60
EF-hand_8	48	60
Cadherin_3	5	60
F-box	59	59
SCAN	59	59
AAA	52	59
VWC	28	59
LRR_5	43	58
LRR_6	28	58
HMG_box_2	48	57
LRRNT	47	56
CBFD_NFYB_HMF	55	55
EF-hand_5	40	55
MORN	16	55
AAA_5	38	54
BTB_2	53	53
RabGAP-TBC	53	53
ABC_membrane	37	53
VWD	16	53
F-box-like	52	52
TAS2R	52	52
Hormone_recep	52	52
Y_phosphatase	40	52
EGF_3	25	52
Cadherin_tail	51	51
Forkhead	51	51
MAGE	48	51
zf-C4	50	50
MHC_II_beta	50	50
UCH	50	50
Myb_DNA-binding	35	50
PSI	31	50
PX	49	49
IL8	49	49
7tm_2	49	49
ANAPC4_WD40	39	49
Kinesin	48	48
Thioredoxin	33	48
C8	12	48
Rad60-SLD	35	47
TNFR_c6	23	47
TIL	12	47
Epiglycanin_TR	7	47
Microtub_bd	46	46
FHA	46	46
DnaJ	46	46
Neur_chan_LBD	46	46
FERM_M	46	46
Gelsolin	14	46
bZIP_2	45	45
MHC_II_alpha	45	45
LRRC37	7	45
Neur_chan_memb	44	44
cNMP_binding	33	44
zf-FCS	7	44
PMP22_Claudin	43	43
SET	43	43
zf-C2H2_jaz	27	43
Kringle	16	43
UQ_con	42	42
GAGE	42	42
TPR_8	33	42
TPR_11	29	42
Kazal_1	28	42
TB	7	42
Methyltransf_11	41	41
Reprolysin	41	41
ANF_receptor	41	41
RA	40	41
Sugar_tr	40	40
SOCS_box	40	40
Myosin_head	40	40
bZIP_1	40	40
NACHT	40	40
TGF_beta	40	40
FG-GAP	20	40
PYRIN	39	39
Pep_M12B_propep	39	39
ResIII	37	39
UBA	31	39
Hydrolase	38	38
DSPc	38	38
RGS	36	38
SEA	22	38
C1-set_C	37	37
TNF	37	37
Crystall	15	37
TUDOR	14	37
GoLoco	13	37
E1-E2_ATPase	36	36
F5_F8_type_C	28	36
Pkinase_C	35	35
Sulfotransfer_1	35	35
Serpin	35	35
zf-CCHC	20	35
dsrm	19	35
NHL	10	35
EPTP	7	35
Proteasome	34	34
Death	34	34
RasGEF	34	34
zf-RING_11	34	34
Tetraspannin	34	34
Tubulin	34	34
ArfGap	34	34
Cyclin_N	34	34
Reprolysin_3	34	34
Chromo	28	34
Calx-beta	9	34
CAMSAP_CH	33	33
Lipocalin	33	33
Methyltransf_25	33	33
Tubulin_C	33	33
SNF2_N	33	33
C1q	32	33
DUF1986	31	33
AMP-binding	30	33
TPR_19	26	33
TPR_17	22	33
PLAT	21	33
MAM	19	33
TPR_10	9	33
Cation_ATPase	32	32
Abhydrolase_1	32	32
G-patch	32	32
FERM_N	32	32
KR	32	32
MAGE_N	32	32
adh_short_C2	32	32
Sema	32	32
LRRCT	23	32
HEAT	19	32
Notch	11	32
Actin	31	31
Keratin_B2	31	31
Reprolysin_5	31	31
FYVE	30	31
MARVEL	29	31
TPR_14	29	31
GST_C	30	30
GPS	30	30
MBT	10	30
Ets	29	29
JmjC	29	29
Glycos_transf_2	29	29
Fibrinogen_C	29	29
7tm_3	29	29
Pro_isomerase	29	29
CARD	28	29
PDZ_2	27	29
Kunitz_BPTI	20	29
FKBP_C	18	29
BRCT	16	29
S_100	28	28
Defensin_beta_2	28	28
PAS	26	28
PID	26	28
Rhodanese	26	28
zf-HC5HC2H	25	28
Guanylate_cyc	18	28
CBS	18	28
Thyroglobulin_1	17	28
zf-RanBP	17	28
GTF2I	7	28
Xin	2	28
Histone_H2A_C	27	27
HSP70	27	27
PAS_3	27	27
Claudin_2	27	27
HECT	27	27
UPAR_LY6	23	27
Metallophos	26	26
UDPGT	26	26
FERM_C	26	26
Fz	25	26
Peptidase_M14	24	26
GATA	18	26
IBR	16	26
RasGEF_N	25	25
ADAM_spacer1	25	25
Trypsin_2	25	25
HRM	25	25
DEP	22	25
PWWP	22	25
fn2	16	25
Clathrin	7	25
TSP_3	5	25
PPAK	1	25
LSM	24	24
Peptidase_M10	24	24
FGF	24	24
HA2	24	24
Acetyltransf_1	24	24
zf-DHHC	24	24
NTR	24	24
HEAT_2	23	24
GRAM	20	24
Xlink	14	24
Connexin	23	23
OB_NTP_bind	23	23
NUDIX	23	23
Acyltransferase	23	23
bZIP_Maf	23	23
Ricin_B_lectin	23	23
zf-C2HC	7	23
PKD	7	23
TILa	6	23
Filaggrin	1	23
Methyltransf_12	22	22
AA_permease	22	22
PG_binding_1	22	22
zf-HC5HC2H_2	22	22
zf-MYND	22	22
PH_11	22	22
MBOAT	22	22
Pou	22	22
RUN	20	22
HEAT_EZ	19	22
Gal-bind_lectin	16	22
Ran_BP1	12	22
NAD_binding_8	21	21
zf-rbx1	21	21
GST_N_2	21	21
GST_N	21	21
EMI	21	21
FCH	21	21
Exo_endo_phos	21	21
Disintegrin	21	21
SNF	21	21
PTB	21	21
IGFBP	21	21
Guanylate_kin	21	21
GST_C_2	21	21
PDEase_I	21	21
Ephrin_rec_like	12	21
Involucrin	1	21
PAS_11	20	20
PAP2	20	20
Galactosyl_T	20	20
SPAN-X	20	20
Med26	20	20
CRAL_TRIO_2	20	20
Cation_ATPase_N	20	20
AMP-binding_C	20	20
GTP_EFTU	20	20
Zip	20	20
SRPRB	20	20
Glyco_transf_29	20	20
Cystatin	17	20
FF	6	20
HMA	5	20
Prenyltrans	5	20
Cys_knot	19	19
Methyltransf_31	19	19
Keratin_2_head	19	19
CD20	19	19
MreB_Mbl	19	19
Cadherin_C	19	19
Cation_ATPase_C	19	19
ADAM_CR	19	19
PP2C	19	19
G-gamma	19	19
CD225	19	19
SAP	19	19
wnt	19	19
NPIP	19	19
ZZ	18	19
Kelch_5	14	19
BIR	9	19
Fasciclin	4	19
NAP	18	18
Sulfatase	18	18
SSXRD	18	18
MHC_I_C	18	18
ADH_zinc_N	18	18
Aldo_ket_red	18	18
TIR	18	18
CRAL_TRIO	18	18
GTP_EFTU_D2	18	18
TAF	18	18
Lig_chan	18	18
Lig_chan-Glu_bd	18	18
Aldedh	18	18
Clat_adaptor_s	18	18
PI3_PI4_kinase	18	18
Carb_anhydrase	18	18
Sec7	18	18
SBP_bac_3	18	18
LCE	17	18
LRR_9	16	18
Trefoil	13	18
ABC2_membrane_3	12	18
CAP_GLY	11	18
Myb_DNA-bind_6	11	18
Na_Ca_ex	9	18
RPEL	8	18
Spin-Ssty	6	18
Clathrin_propel	3	18
Interferon	17	17
Aminotran_1_2	17	17
IRK	17	17
AAA_33	17	17
T-box	17	17
PCI	17	17
Cyclin_C	17	17
MutS_V	17	17
TMC	17	17
G-alpha	17	17
TGFb_propeptide	17	17
Aa_trans	17	17
ECH_1	17	17
Myotub-related	17	17
GPHH	17	17
COLFI	17	17
VWA_3	16	17
VCBS	14	17
WWE	14	17
BEN	10	17
DCX	9	17
BEX	16	16
MutS_IV	16	16
AAA_6	16	16
INT_SG_DDX_CT_C	16	16
A2M_N_2	16	16
zf-UBP	16	16
A2M	16	16
IBN_N	16	16
RasGAP	16	16
TRAM_LAG1_CLN8	16	16
A2M_N	16	16
DENN	16	16
Laminin_G_3	16	16
A2M_comp	16	16
Band_7	16	16
ARID	16	16
PHD_2	16	16
A2M_recep	16	16
COesterase	16	16
DHC_N2	16	16
Laminin_N	16	16
Dynein_heavy	16	16
PLAC	16	16
Arm_2	16	16
WH2	14	16
APOBEC_N	12	16
KOW	12	16
Somatomedin_B	11	16
TPR_7	10	16
Transglut_C	9	16
PTCB-BRCT	9	16
zf-TRAF	7	16
PUF	2	16
K167R	1	16
Peptidase_C2	15	15
FH2	15	15
MT	15	15
BAR	15	15
Dynamin_N	15	15
dDENN	15	15
EphA2_TM	15	15
AAA_7	15	15
PA	15	15
Acyl-CoA_dh_M	15	15
Integrin_alpha	15	15
PH_9	15	15
PARP	15	15
Ephrin_lbd	15	15
uDENN	15	15
CAP	15	15
PNMA	15	15
tRNA-synt_1	15	15
TTL	15	15
Anticodon_1	15	15
AA_permease_2	15	15
Myosin_N	15	15
PI-PLC-X	15	15
PI-PLC-Y	15	15
DAGK_cat	15	15
Thiol-ester_cl	15	15
ADH_N	15	15
Na_H_Exchanger	15	15
CNH	15	15
Calpain_III	14	15
UIM	14	15
ANATO	13	15
Hist_deacetyl	13	15
zf-CXXC	13	15
EamA	12	15
APOBEC_C	11	15
GDNF	6	15
PPTA	4	15
fn1	4	15
Tubulin-binding	4	15
Cys_rich_FGFR	1	15
CCDC144C	14	14
Pre-SET	14	14
RnaseA	14	14
Septin	14	14
OTU	14	14
SNARE	14	14
Epimerase	14	14
AAA_9	14	14
AAA_8	14	14
PhoLip_ATPase_C	14	14
PhoLip_ATPase_N	14	14
ELM2	14	14
OAR	14	14
G-patch_2	14	14
SSF	14	14
Adaptin_N	14	14
Zona_pellucida	14	14
HSP20	14	14
RNase_T	14	14
Peptidase_C14	14	14
Rpr2	14	14
Myosin_tail_1	14	14
PB1	14	14
Peptidase_C1	14	14
START	14	14
Cyt-b5	14	14
Gla	14	14
GST_C_3	14	14
Snf7	14	14
Tissue_fac	13	14
CarboxypepD_reg	12	14
Linker_histone	12	14
L27	10	14
NDK	10	14
ThiF	10	14
WAP	9	14
Recep_L_domain	7	14
GAF	7	14
CIMR	1	14
IRS	13	13
NAD_binding_1	13	13
NCD3G	13	13
IL6Ra-bind	13	13
Complex1_LYR	13	13
MutS_III	13	13
Globin	13	13
FA	13	13
Humanin	13	13
JmjN	13	13
Sulfotransfer_2	13	13
Glyco_transf_7C	13	13
S4	13	13
MIP	13	13
His_Phos_1	13	13
LBP_BPI_CETP	13	13
Integrin_alpha2	13	13
CT47	13	13
CS	13	13
SAM_PNT	13	13
OATP	13	13
TFIIS_C	13	13
2OG-FeII_Oxy_3	13	13
OLF	13	13
JAB	13	13
HTH_Tnp_Tc5	13	13
RAWUL	13	13
Reprolysin_2	13	13
ZU5	12	13
E2F_TDP	11	13
EF-hand_4	10	13
Macro	9	13
zf-BED	9	13
CUT	7	13
PAN_1	7	13
Sel1	5	13
Hyd_WA	2	13
DDE_1	12	12
Oxysterol_BP	12	12
V-ATPase_G	12	12
Adap_comp_sub	12	12
THAP	12	12
Abhydrolase_6	12	12
TIR_2	12	12
UBA_4	12	12
AAA_18	12	12
ANAPC3	12	12
Frizzled	12	12
Sterol-sensing	12	12
UBX	12	12
Arrestin_N	12	12
Nop	12	12
Cpn60_TCP1	12	12
Ferric_reduct	12	12
Metallothio	12	12
WH1	12	12
GST_N_3	12	12
RINGv	12	12
HATPase_c	12	12
KRTAP	12	12
Peptidase_M1	12	12
Lipase	12	12
PAS_9	12	12
EF-hand_like	12	12
PBD	12	12
Cnd1	12	12
Cir_N	12	12
Ribosomal_L7Ae	12	12
Syntaxin	12	12
MH1	12	12
HATPase_c_3	12	12
Thioredoxin_6	12	12
Glutaredoxin	11	12
AAA_12	11	12
PAM2	11	12
PSI_integrin	11	12
Pro-rich	11	12
Interfer-bind	11	12
BAH	10	12
Cofilin_ADF	10	12
AAA_17	10	12
MIT	10	12
Phospholip_A2_1	10	12
MIF4G	10	12
zf-A20	8	12
S1	8	12
CSD	8	12
Glyco_hydro_31	8	12
Laminin_B	8	12
C4	6	12
Calponin	6	12
HR1	6	12
RYDR_ITPR	6	12
Fascin	5	12
RyR	3	12
Hairy_orange	11	11
Asp	11	11
F420_oxidored	11	11
Choline_transpo	11	11
HSF_DNA-bind	11	11
CENP-B_N	11	11
STAS	11	11
Acyl-CoA_dh_N	11	11
BNR_2	11	11
GBP	11	11
Bcl-2	11	11
Sulfotransfer_3	11	11
VPS9	11	11
DUF4599	11	11
Sulfate_transp	11	11
EMP24_GP25L	11	11
DHR-2	11	11
Transglut_core	11	11
NTF2	11	11
tRNA_int_endo	11	11
Arrestin_C	11	11
Methyltransf_23	11	11
R3H	11	11
HlyIII	11	11
Lys	11	11
NTP_transf_2	11	11
DOCK-C2	11	11
Plexin_cytopl	11	11
PLDc_2	9	11
MyTH4	8	11
ADK	8	11
zf-AN1	8	11
FAM47	6	11
Beta_helix	6	11
SapB_2	5	11
Mucin2_WxxW	5	11
Neuralized	4	11
Serum_albumin	4	11
zf-NF-X1	2	11
HS1_rep	2	11
Anoctamin	10	10
NOD	10	10
FAM75	10	10
Flavodoxin_1	10	10
RWD	10	10
Na_trans_assoc	10	10
Methyltransf_16	10	10
Peptidase_S8	10	10
Propep_M14	10	10
RHD_dimer	10	10
COMM_domain	10	10
VIT	10	10
Acyl-CoA_dh_2	10	10
Acyl-CoA_dh_1	10	10
FYVE_2	10	10
PH_8	10	10
Lactamase_B	10	10
IL1	10	10
GAIN	10	10
Voltage_CLC	10	10
Proteasome_A_N	10	10
Pentaxin	10	10
MIR	10	10
zf-Di19	10	10
His_Phos_2	10	10
Activin_recp	10	10
CK_II_beta	10	10
Rhomboid	10	10
DAGK_acc	10	10
Transket_pyr	10	10
NADHdh_A3	10	10
NODP	10	10
VHS	10	10
DUF4939	10	10
Cation_efflux	10	10
MBD	10	10
Amidohydro_1	10	10
HCO3_cotransp	10	10
Glyco_tranf_2_3	10	10
BTK	10	10
PBC	10	10
NOT2_3_5	10	10
Rap_GAP	10	10
Not3	10	10
Biotin_lipoyl	10	10
An_peroxidase	10	10
HGTP_anticodon	10	10
EFhand_Ca_insen	10	10
Insulin	10	10
BAR_3	10	10
Prp31_C	10	10
Pyr_redox_2	10	10
RHD_DNA_bind	10	10
DUF3699	9	10
BRCT_2	9	10
AAA_11	9	10
ITAM	8	10
WD40_4	8	10
ILEI	8	10
DUF1899	8	10
DED	7	10
Myb_DNA-bind_4	7	10
Peptidase_M16_C	7	10
Hormone_2	6	10
Surp	6	10
NtCtMGAM_N	6	10
DUF4705	5	10
APH	9	9
Mab-21	9	9
Uteroglobin	9	9
Defensin_beta	9	9
GSHPx	9	9
DnaJ_C	9	9
Transglut_N	9	9
ADH_zinc_N_2	9	9
LBP_BPI_CETP_C	9	9
Drf_GBD	9	9
IRF	9	9
PDGF	9	9
Ldh_1_C	9	9
Ldh_1_N	9	9
XK-related	9	9
MCM	9	9
CTD_bind	9	9
Drf_FH3	9	9
DAO	9	9
PAX	9	9
PAZ	9	9
RTT107_BRCT_5	9	9
tRNA_anti-codon	9	9
IBB	9	9
Alpha_adaptinC2	9	9
CHCH	9	9
Patched	9	9
ASC	9	9
BAT2_N	9	9
Ribosomal_S18	9	9
PMG	9	9
3Beta_HSD	9	9
Cullin	9	9
DUF1669	9	9
SMC_N	9	9
Suppressor_APC	9	9
FAM25	9	9
Tim17	9	9
Syntaxin_2	9	9
Copine	9	9
TAXi_N	9	9
PI3Ka	9	9
Cupin_8	9	9
Acetyltransf_7	9	9
Ephrin	9	9
Beach	9	9
RBM1CTR	9	9
Radical_SAM	9	9
Peptidase_M24	9	9
BRICHOS	9	9
SRCR_2	9	9
Band_3_cyto	9	9
ABC_tran_Xtn	9	9
Sec1	9	9
RFX_DNA_binding	9	9
TPT	9	9
Pyr_redox	8	9
RNase_PH	8	9
CPSase_L_D2	7	9
Furin-like	7	9
zf-GRF	7	9
AIG1	7	9
PAP_assoc	7	9
Cu-oxidase_3	6	9
4HBT	6	9
ACT_7	5	9
Hexokinase_1	5	9
Hexokinase_2	5	9
Glyco_hydro_1	5	9
OST-HTH	3	9
PC_rep	3	9
APC_r	2	9
BET	8	8
Chorein_N	8	8
Mob1_phocein	8	8
ERAP1_C	8	8
VHP	8	8
MCCD1	8	8
Peptidase_S9	8	8
Occludin_ELL	8	8
Abhydrolase_3	8	8
GDA1_CD39	8	8
PTEN_C2	8	8
Cullin_Nedd8	8	8
FR47	8	8
Sulfatase_C	8	8
Epiglycanin_C	8	8
Yip1	8	8
RRM_7	8	8
DAN	8	8
AAA_19	8	8
Synaptobrevin	8	8
zf-3CxxC	8	8
Peptidase_M13	8	8
Integrin_beta	8	8
BNR_3	8	8
AhpC-TSA	8	8
U-box	8	8
Folate_rec	8	8
Yippee-Mis18	8	8
LST1	8	8
Prefoldin_2	8	8
Phostensin_N	8	8
PPI_Ypi1	8	8
CN_hydrolase	8	8
Glyco_transf_10	8	8
Phosphodiest	8	8
Hydrolase_4	8	8
Palm_thioest	8	8
Neurexophilin	8	8
Branch	8	8
MCM_OB	8	8
Peripla_BP_6	8	8
2OG-FeII_Oxy	8	8
Rab_bind	8	8
CRAL_TRIO_N	8	8
DM	8	8
Phostensin	8	8
Patatin	8	8
Myosin_TH1	8	8
LisH	8	8
Glyco_tran_10_N	8	8
PIP5K	8	8
AAA_23	8	8
Pcc1	8	8
LRAT	8	8
ATP1G1_PLM_MAT8	8	8
CUE	8	8
PI3K_C2	8	8
Piwi	8	8
ENTH	8	8
Peptidase_M13_N	8	8
LRRC37AB_C	8	8
Glyco_hydro_56	8	8
Amino_oxidase	8	8
CBM53	8	8
P2X_receptor	8	8
zf-Tim10_DDP	8	8
LEM	8	8
CBM_21	8	8
Atg8	8	8
APG12	8	8
Ca_chan_IQ	8	8
MH2	8	8
POM121	8	8
DUF3585	8	8
DHC_N1	8	8
SBF	8	8
NIF	8	8
Arm_3	8	8
CTP_transf_like	7	8
RNase_PH_C	7	8
LCCL	6	8
DUSP	6	8
TPR_16	6	8
RBD	6	8
PQ-loop	5	8
SOGA	4	8
zf-C2HC_2	4	8
SapB_1	3	8
BRCA2	1	8
MAP1B_neuraxin	1	8
La	7	7
zf-HIT	7	7
IRF-3	7	7
FAM72	7	7
DUF2358	7	7
Spy1	7	7
Tap-RNA_bind	7	7
STAT_bind	7	7
VCX_VCY	7	7
TAP_C	7	7
ACBP	7	7
ApoM	7	7
CitMHS	7	7
GF_recep_IV	7	7
DIL	7	7
DIX	7	7
NAD_binding_6	7	7
IPK	7	7
Peptidase_C48	7	7
WSD	7	7
MACPF	7	7
S8_pro-domain	7	7
L_HMGIC_fpl	7	7
MBDa	7	7
DUF3496	7	7
FGGY_N	7	7
Inhibitor_I29	7	7
Ski_Sno	7	7
TFIIS_M	7	7
GAS2	7	7
GDPD	7	7
L6_membrane	7	7
zf-Nse	7	7
PET	7	7
SDF	7	7
Glyco_transf_7N	7	7
G6B	7	7
Bax1-I	7	7
Syndecan	7	7
Methyltr_RsmB-F	7	7
Shisa	7	7
DUF4661	7	7
Carn_acyltransf	7	7
RNA_pol_L	7	7
Fringe	7	7
Dimer_Tnp_hAT	7	7
SLC12	7	7
TGF_beta_GS	7	7
NUT	7	7
OSR1_C	7	7
zf-CW	7	7
SPARC_Ca_bdg	7	7
DAGAT	7	7
FAD_binding_8	7	7
FAD_binding_1	7	7
14-3-3	7	7
Tropomodulin	7	7
Anoct_dimer	7	7
DUF3538	7	7
PLA2_B	7	7
SPOC	7	7
AlbA_2	7	7
E1_dh	7	7
Pribosyltran	7	7
Transketolase_C	7	7
tRNA-synt_2b	7	7
RII_binding_1	7	7
W2	7	7
Tektin	7	7
GTP_EFTU_D3	7	7
Nore1-SARAH	7	7
RNase_Zc3h12a	7	7
CobW_C	7	7
Rad51	7	7
Acetyltransf_10	7	7
Acetyltransf_16	7	7
SMC_hinge	7	7
GBP_C	7	7
rRNA_proc-arch	7	7
Glyco_hydro_47	7	7
ArgoL1	7	7
Thymosin	7	7
WHIM1	7	7
DSHCT	7	7
Lipoxygenase	7	7
STAT_int	7	7
Pyridoxal_deC	7	7
FMO-like	7	7
ICAM_N	7	7
Tcp11	7	7
PI3K_rbd	7	7
ELO	7	7
MBD_C	7	7
Glyco_hydro_18	7	7
PH_12	7	7
Toxin_1	7	7
GRIP	7	7
zf-MIZ	7	7
Cadherin_pro	7	7
Integrin_B_tail	7	7
SIR2	7	7
Sprouty	7	7
Sad1_UNC	7	7
zf-UBR	7	7
STAT_alpha	7	7
SAND	7	7
zf-U1	7	7
MA3	6	7
Gal_mutarotas_2	6	7
Thioredoxin_2	6	7
WSC	5	7
ATP-synt_C	5	7
PLDc	5	7
WHEP-TRS	5	7
BRK	5	7
BAG	4	7
POLO_box	4	7
OAS1_C	4	7
RHS_repeat	4	7
CLASP_N	4	7
C2-set	4	7
PAH	3	7
Titin_Z	1	7
OGFr_III	1	7
RNA_pol_Rpb1_R	1	7
Granulin	1	7
IQ_SEC7_PH	6	6
Tctex-1	6	6
FA_desaturase	6	6
Integrin_b_cyt	6	6
CBX7_C	6	6
Dynamin_M	6	6
FRG2	6	6
ApoL	6	6
cobW	6	6
M20_dimer	6	6
Vps52	6	6
DcpS_C	6	6
PWI	6	6
CLTH	6	6
EF-hand_2	6	6
LON_substr_bdg	6	6
NAD_binding_4	6	6
RAI1	6	6
TB2_DP1_HVA22	6	6
Alpha_kinase	6	6
Na_trans_cytopl	6	6
MHC_I_2	6	6
MHC_I_3	6	6
FA_hydroxylase	6	6
Glypican	6	6
DUF3669	6	6
CP2	6	6
AAA_30	6	6
Tudor-knot	6	6
DUF3398	6	6
SPR1	6	6
Vps4_C	6	6
FAST_1	6	6
FAST_2	6	6
zf-RING_9	6	6
RRM_5	6	6
SRF-TF	6	6
Troponin	6	6
FERM_f0	6	6
Peptidase_M16	6	6
Serinc	6	6
SPRR2	6	6
Kinesin_assoc	6	6
MOEP19	6	6
RIH_assoc	6	6
SEEK1	6	6
Xpo1	6	6
Astacin	6	6
Myb_DNA-bind_5	6	6
Stk19	6	6
ATP-synt_ab	6	6
EF-hand_3	6	6
Sec23_trunk	6	6
DUF3504	6	6
Ins145_P3_rec	6	6
Brix	6	6
A_deaminase	6	6
Cu-oxidase_2	6	6
MAPEG	6	6
P_proprotein	6	6
DDE_Tnp_1_7	6	6
Sec23_helical	6	6
RAP	6	6
STG	6	6
FAD_binding_6	6	6
Tweety	6	6
A_deamin	6	6
Frag1	6	6
Hormone_1	6	6
FtsJ	6	6
E2F_CC-MB	6	6
Iso_dh	6	6
Defensin_1	6	6
DUF1053	6	6
SFTA2	6	6
Tmemb_cc2	6	6
DMRT-like	6	6
IL17	6	6
ATP-synt_ab_N	6	6
EpoR_lig-bind	6	6
Thiolase_N	6	6
Thiolase_C	6	6
MCM_N	6	6
HCR	6	6
PH_BEACH	6	6
DDHD	6	6
Keratin_matx	6	6
Sec23_BS	6	6
GED	6	6
DDT	6	6
Redoxin	6	6
DUF3694	6	6
ITI_HC_C	6	6
Defensin_propep	6	6
Alpha-amylase_C	6	6
PKD_channel	6	6
SWIRM	6	6
Abhydro_lipase	6	6
SCAMP	6	6
zf-Sec23_Sec24	6	6
RIIa	6	6
TRP_2	6	6
GAT	6	6
EFG_C	6	6
7TM_GPCR_Srv	6	6
ELMO_CED12	6	6
BTG	6	6
PRELI	6	6
Tfb2	6	6
2OG-FeII_Oxy_2	6	6
SEFIR	6	6
SAC3_GANP	6	6
Laminin_II	6	6
Mg_trans_NIPA	6	6
FBA	6	6
RBD-FIP	6	6
DUF4749	6	6
DPPIV_N	6	6
FYRN	6	6
Hydrolase_like	6	6
YTH	6	6
Nuc_sug_transp	6	6
Glyco_transf_22	6	6
Na_sulph_symp	6	6
XPG_N	6	6
Laminin_I	6	6
Vps5	6	6
DUF2476	6	6
SIX1_SD	6	6
ABC1	6	6
FYRC	6	6
Ca_hom_mod	6	6
Glyoxalase	5	6
Gal_Lectin	5	6
I_LWEQ	5	6
dCMP_cyt_deam_1	5	6
HHH_3	5	6
PHR	5	6
SHIPPO-rpt	5	6
NIPSNAP	4	6
CABIT	4	6
CARD_2	4	6
S1-like	4	6
Sec63	4	6
G8	4	6
zf-U11-48K	4	6
Amidase_2	4	6
MIB_HERC2	4	6
TBP	3	6
Na_Pi_cotrans	3	6
Transferrin	3	6
MgtE	3	6
PFK	3	6
Peptidase_S41	2	6
DUF1126	2	6
Peptidase_S41_N	2	6
SPA	5	5
Lep_receptor_Ig	5	5
Sortilin_C	5	5
Calc_CGRP_IAPP	5	5
Arfaptin	5	5
BCDHK_Adom3	5	5
Pribosyl_synth	5	5
DUF1041	5	5
Daxx	5	5
Na_K-ATPase	5	5
PP-binding	5	5
SWIM	5	5
SWIB	5	5
KA1	5	5
GKAP	5	5
ATP-gua_Ptrans	5	5
Longin	5	5
EMP70	5	5
Glyco_trans_1_4	5	5
NAC	5	5
Retrotrans_gag	5	5
PP1_inhibitor	5	5
Vac14_Fab1_bd	5	5
FOXP-CC	5	5
FOLN	5	5
AF-4	5	5
LysM	5	5
DOCK_N	5	5
GDI	5	5
Hexapep	5	5
FGGY_C	5	5
V-SNARE_C	5	5
ABC_membrane_2	5	5
CRF	5	5
TAFA	5	5
TAFH	5	5
GPHR_N	5	5
ARL17	5	5
Glycos_transf_1	5	5
PIP49_C	5	5
TMEM132D_N	5	5
TMEM132D_C	5	5
Ribosomal_L30	5	5
HMG14_17	5	5
tRNA_SAD	5	5
HAD_2	5	5
FATC	5	5
PGM_PMM_II	5	5
PLU-1	5	5
Ammonium_transp	5	5
BolA	5	5
DUF4741	5	5
ING	5	5
Helicase_C_2	5	5
DUF3371	5	5
Perilipin	5	5
NIDO	5	5
LRR_1	5	5
HSR	5	5
RNA_pol_L_2	5	5
CIDE-N	5	5
Ion_trans_N	5	5
ABA_GPCR	5	5
MOZ_SAS	5	5
tRNA-synt_2	5	5
GHMP_kinases_N	5	5
DUF3338	5	5
Transketolase_N	5	5
TLD	5	5
ATP_Ca_trans_C	5	5
Biotin_carb_C	5	5
Mtc	5	5
Biotin_carb_N	5	5
Dpy-30	5	5
Got1	5	5
FAT	5	5
Pannexin_like	5	5
A1_Propeptide	5	5
Inositol_P	5	5
NAD_binding_10	5	5
CAF1	5	5
BRO1	5	5
Aminotran_5	5	5
Aminotran_3	5	5
HIT	5	5
BING4CT	5	5
Ribosomal_S13	5	5
Pribosyltran_N	5	5
KCNQ_channel	5	5
ATP-gua_PtransN	5	5
AA_permease_C	5	5
GATase	5	5
Hydrolase_6	5	5
PTPLA	5	5
CAP-ZIP_m	5	5
Elongin_A	5	5
RmlD_sub_bind	5	5
Meis_PKNOX_N	5	5
ANTH	5	5
IP_trans	5	5
Alpha-mann_mid	5	5
Peptidase_A22B	5	5
2-oxoacid_dh	5	5
DMAP_binding	5	5
DEAD_2	5	5
UPA	5	5
1-cysPrx_C	5	5
Spc97_Spc98	5	5
ABC2_membrane	5	5
Fer2	5	5
CC2-LZ	5	5
Protocadherin	5	5
zf-C5HC2	5	5
PPR_2	5	5
4F5	5	5
Formyl_trans_N	5	5
Scramblase	5	5
TF_AP-2	5	5
HELP	5	5
HSNSD	5	5
Cytochrom_B561	5	5
Torsin	5	5
Sortilin-Vps10	5	5
5_nucleotid	5	5
Ubiquitin_3	5	5
CDP-OH_P_transf	5	5
EHD_N	5	5
PABP	5	5
Pyr_redox_dim	5	5
TMEM132	5	5
Filament_head	5	5
AKAP7_NLS	5	5
Bravo_FIGEY	5	5
DNA_pol3_delta2	5	5
Syja_N	5	5
EFG_II	5	5
TLE_N	5	5
Tub	5	5
PAS_4	5	5
Membr_traf_MHD	5	5
TGS	5	5
ERCC4	5	5
PGC7_Stella	5	5
HOOK	5	5
PGM_PMM_I	5	5
Glyco_hydro_38C	5	5
PGM_PMM_III	5	5
BAAT_C	5	5
SCP2	5	5
Motile_Sperm	5	5
FeoB_N	5	5
Ligase_CoA	5	5
Acyltransf_C	5	5
TFR_dimer	5	5
GOLGA2L5	5	5
Mod_r	5	5
ASD2	5	5
PINIT	5	5
Gasdermin	5	5
DUF3342	5	5
Peptidase_M28	5	5
Peptidase_M20	5	5
Rdx	5	5
GCV_T_C	5	5
Ribosomal_L44	5	5
Cullin_binding	5	5
Sedlin_N	5	5
TPH	5	5
IMD	5	5
Glyco_hydro_38	5	5
Asp_protease_2	5	5
Glyco_transf_64	5	5
RDM	5	5
EPL1	5	5
PALP	5	5
SUI1	5	5
HIG_1_N	5	5
VWA_N	5	5
Aldolase_II	5	5
Enolase_C	5	5
DZF	5	5
Enolase_N	5	5
EF-hand_10	5	5
Lysyl_oxidase	5	5
Porin_3	5	5
UAA	5	5
XPG_I	5	5
SERTA	5	5
Reprolysin_4	5	5
Prefoldin	5	5
PRR20	5	5
TSP_C	5	5
Pyr_redox_3	5	5
Thioredoxin_7	5	5
B56	5	5
SLED	5	5
TRAPP	5	5
HIN	4	5
AT_hook	4	5
AIRS_C	4	5
HJURP_C	4	5
PRKCSH	4	5
Thioredoxin_8	4	5
ATP-grasp	3	5
VPS13_mid_rpt	3	5
DUF4174	3	5
SapA	3	5
Lipase_GDSL	3	5
FAM153	3	5
SAMP	2	5
CXCXC	2	5
FLYWCH	1	5
Hist_rich_Ca-bd	1	5
Dala_Dala_lig_C	4	4
Basic	4	4
CaMBD	4	4
SNARE_assoc	4	4
FRG1	4	4
YEATS	4	4
BK_channel_a	4	4
Orai-1	4	4
DNA_mis_repair	4	4
Dus	4	4
DOMON	4	4
DUF4217	4	4
ANAPC10	4	4
PPP5	4	4
Josephin	4	4
DUF846	4	4
IMS_HHH	4	4
MMS1_N	4	4
PAD_M	4	4
Apolipoprotein	4	4
DUF1908	4	4
HoxA13_N	4	4
PI3K_P85_iSH2	4	4
E3_binding	4	4
Vinculin	4	4
RecQ_Zn_bind	4	4
MutS_II	4	4
GATase_6	4	4
Ndr	4	4
G_glu_transpept	4	4
DUF758	4	4
EGF_MSP1_1	4	4
VGCC_alpha2	4	4
MFS_2	4	4
AbLIM_anchor	4	4
FAM110_C	4	4
NAD_binding_2	4	4
Tropomyosin	4	4
NGF	4	4
RGS-like	4	4
Gtr1_RagA	4	4
P5CR_dimer	4	4
Dpy19	4	4
MANEC	4	4
Peptidase_S24	4	4
Vps51	4	4
Fumble	4	4
Tmemb_14	4	4
DUF1981	4	4
Reticulon	4	4
Sox17_18_mid	4	4
ATG_C	4	4
BH4	4	4
Choline_kinase	4	4
Lectin_leg-like	4	4
DUF3498	4	4
DNA_pol_B_thumb	4	4
Tropomyosin_1	4	4
PDZ_assoc	4	4
DUF3399	4	4
Lung_7-TM_R	4	4
HHH_8	4	4
LUC7	4	4
Ribosomal_L16	4	4
Rep_fac_C	4	4
DUF4704	4	4
IMPDH	4	4
DUF1736	4	4
AAA_16	4	4
3-PAP	4	4
Asp_protease	4	4
GST_N_4	4	4
IRK_N	4	4
DC_STAMP	4	4
Tom37	4	4
Matrilin_ccoil	4	4
DnaJ_CXXCXGXG	4	4
E1_4HB	4	4
PAD	4	4
DCB	4	4
Cornichon	4	4
TFIID-31kDa	4	4
GATA-N	4	4
ACAS_N	4	4
CAC1F_C	4	4
HSP90	4	4
NKAIN	4	4
CEBP_ZZ	4	4
RF-1	4	4
TBCC	4	4
DUF2431	4	4
ERM	4	4
Profilin	4	4
LLGL	4	4
DUF3377	4	4
Crystallin	4	4
HSA	4	4
EF-hand_9	4	4
RIG-I_C-RD	4	4
COE1_HLH	4	4
LMBR1	4	4
mTERF	4	4
UBA_e1_thiolCys	4	4
PIH1	4	4
DEK_C	4	4
CaKB	4	4
Steroid_dh	4	4
TF_Zn_Ribbon	4	4
Furin-like_2	4	4
FAM86	4	4
Glyco_transf_54	4	4
BORG_CEP	4	4
Tox-GHH	4	4
TruB_N	4	4
TM2	4	4
DUF3456	4	4
MitMem_reg	4	4
Phe_ZIP	4	4
P5-ATPase	4	4
G2F	4	4
GDP_Man_Dehyd	4	4
Beta-Casp	4	4
IF-2B	4	4
Glyco_transf_8	4	4
IFRD	4	4
3HCDH_N	4	4
Lamp	4	4
PEHE	4	4
NT-C2	4	4
DND1_DSRM	4	4
Ferritin	4	4
FAM27	4	4
MAP7	4	4
FAD_binding_4	4	4
CHGN	4	4
Nucleoside_tran	4	4
YjeF_N	4	4
MNNL	4	4
IGFL	4	4
Gal-3-0_sulfotr	4	4
2-Hacid_dh_C	4	4
NfI_DNAbd_pre-N	4	4
Synaphin	4	4
Clathrin_H_link	4	4
DUF3513	4	4
Sarcoglycan_1	4	4
PEX11	4	4
RGM_N	4	4
RGM_C	4	4
DUF4205	4	4
DUF4200	4	4
SK_channel	4	4
MATH	4	4
SUZ	4	4
DSL	4	4
FerB	4	4
FerI	4	4
PNP_UDP_1	4	4
dNK	4	4
Bestrophin	4	4
EloA-BP1	4	4
DNA_pol_lambd_f	4	4
DUF2781	4	4
Hox9_act	4	4
FAA_hydrolase	4	4
Glyco_trans_2_3	4	4
Erf4	4	4
DMPK_coil	4	4
Toprim	4	4
PseudoU_synth_2	4	4
FXMRP1_C_core	4	4
PXA	4	4
DUF1011	4	4
Ten_N	4	4
VGCC_beta4Aa_N	4	4
Jnk-SapK_ap_N	4	4
Peptidase_C54	4	4
zf-CCHC_6	4	4
Calreticulin	4	4
LTD	4	4
2OG-FeII_Oxy_4	4	4
BCL_N	4	4
KN_motif	4	4
TPD52	4	4
zf-C2H2_11	4	4
C1_4	4	4
TRPM_tetra	4	4
E1_FCCH	4	4
TCL1_MTCP1	4	4
SnoaL_3	4	4
CTNNB1_binding	4	4
E1_UFD	4	4
LSM14	4	4
THF_DHG_CYH	4	4
Gly_acyl_tr_C	4	4
Gly_acyl_tr_N	4	4
PTRF_SDPR	4	4
Pecanex_C	4	4
UvrD_C_2	4	4
EFG_IV	4	4
Shal-type	4	4
Peptidase_C12	4	4
Leuk-A4-hydro_C	4	4
ArgoMid	4	4
Fez1	4	4
KIF1B	4	4
LIG3_BRCT	4	4
Carboxyl_trans	4	4
IMS_C	4	4
Neuro_bHLH	4	4
THF_DHG_CYH_C	4	4
4_1_CTD	4	4
Alk_phosphatase	4	4
CTF_NFI	4	4
PRA1	4	4
Ferlin_C	4	4
GCV_T	4	4
Pur_ac_phosph_N	4	4
Ssl1	4	4
ArgoL2	4	4
Nexin_C	4	4
Stathmin	4	4
2-Hacid_dh	4	4
SAB	4	4
KASH	4	4
ArgoN	4	4
TIMP	4	4
MITF_TFEB_C_3_N	4	4
IFRD_C	4	4
Ifi-6-16	4	4
DNA_pol_A_exo1	4	4
GPCR_chapero_1	4	4
DUF4195	4	4
Lactamase_B_6	4	4
HAP1_N	4	4
Paralemmin	4	4
Mpv17_PMP22	4	4
DUF1115	4	4
TSC22	4	4
Erv26	4	4
TatD_DNase	4	4
SEP	4	4
IMS	4	4
CLZ	4	4
Glyco_hydro_35	4	4
Maf_N	4	4
PAD_N	4	4
SH3BGR	4	4
Sec7_N	4	4
PHD_4	4	4
CbiA	4	4
3HCDH	4	4
DNA_pol_B_palm	4	4
Exostosin	4	4
IF4E	4	4
gag-asp_proteas	4	4
NTP_transf_7	4	4
Glyco_hydro_15	4	4
CaMKII_AD	4	4
BNIP2	4	4
COE1_DBD	4	4
CortBP2	4	4
IZUMO	4	4
cwf21	4	4
GST_C_6	4	4
V_ATPase_I	4	4
ECH_2	4	4
HbrB	4	4
Glyco_transf_6	4	4
VIT_2	4	4
SpoU_methylase	4	4
CPSF_A	4	4
Sec6	4	4
GRIN_C	4	4
HHH	4	4
DUF4440	4	4
GLTP	4	4
Biopterin_H	4	4
LANC_like	4	4
SOXp	4	4
FDF	4	4
c-SKI_SMAD_bind	4	4
RNB	4	4
RAI16-like	4	4
zf-RNPHF	4	4
6PF2K	4	4
Dickkopf_N	4	4
Agenet	4	4
ART	4	4
Somatostatin	4	4
Bile_Hydr_Trans	4	4
Solute_trans_a	4	4
HYR	3	4
DUF1518	3	4
hSH3	3	4
PseudoU_synth_1	3	4
Peptidase_M2	3	4
ASH	3	4
VBS	2	4
zf-TAZ	2	4
zf-piccolo	2	4
WSK	2	4
Plasmod_Pvs28	2	4
Ribonuclease_3	2	4
GIT_SHD	2	4
zf-C3Hc3H	2	4
MCC-bdg_PDZ	2	4
P68HR	2	4
ARA70	2	4
TFIIB	2	4
MatE	2	4
HEAT_PBS	2	4
CHORD	2	4
SIS	2	4
PKK	2	4
APCDDC	2	4
NID	2	4
THEG	2	4
TEP1_N	1	4
Calpain_inhib	1	4
SNase	1	4
KRBA1	1	4
Antistasin	1	4
Vault	1	4
HAT	1	4
NR_Repeat	1	4
APC_15aa	1	4
Prion_octapep	1	4
CAF1C_H4-bd	3	3
UPF0731	3	3
NOPS	3	3
PAP2_C	3	3
FAM117	3	3
Anillin	3	3
CFC	3	3
Caveolin	3	3
NHR2	3	3
MRG	3	3
Ig_4	3	3
AKAP95	3	3
DNA_ligase_A_M	3	3
Glyco_tran_28_C	3	3
DUF3528	3	3
DUF3522	3	3
5-nucleotidase	3	3
HORMA	3	3
mRNA_decap_C	3	3
FAM70	3	3
Fox-1_C	3	3
BCL9	3	3
AIRS	3	3
GRIM-19	3	3
DUF4211	3	3
DMA	3	3
PROL5-SMR	3	3
DUF4074	3	3
DUF716	3	3
Ago_hook	3	3
HIP1_clath_bdg	3	3
EB1	3	3
Aconitase	3	3
Runt	3	3
EBP	3	3
PA26	3	3
RAMP	3	3
AdoHcyase_NAD	3	3
PA28_alpha	3	3
Aph-1	3	3
RimK	3	3
PUB	3	3
Opiods_neuropep	3	3
DUF2371	3	3
Na_Ca_ex_C	3	3
eIF-1a	3	3
WBP-1	3	3
eIF-5a	3	3
DUF1619	3	3
RIB43A	3	3
AC_N	3	3
Lectin_N	3	3
Period_C	3	3
Nucleoplasmin	3	3
Granin	3	3
ATP-synt_S1	3	3
S-methyl_trans	3	3
PID_2	3	3
GATase_7	3	3
Tmemb_185A	3	3
Qua1	3	3
ORMDL	3	3
Peptidase_M41	3	3
Abi_HHR	3	3
AdoHcyase	3	3
Bromo_TP	3	3
HnRNPA1	3	3
PHD_3	3	3
Abhydrolase_2	3	3
PARP_reg	3	3
Drf_DAD	3	3
Methyltransf_32	3	3
muHD	3	3
B9-C2	3	3
Mustang	3	3
HDAC4_Gln	3	3
ERG4_ERG24	3	3
Churchill	3	3
zinc_ribbon_9	3	3
GAF_3	3	3
RB_A	3	3
RB_B	3	3
PCAF_N	3	3
MGS	3	3
40S_S4_C	3	3
TBD	3	3
FAM194	3	3
E1_DerP2_DerF2	3	3
DUF4482	3	3
zf-C4pol	3	3
Xan_ur_permease	3	3
COX7a	3	3
COX7B	3	3
USP8_dimer	3	3
DUF4071	3	3
RQC	3	3
PA28_beta	3	3
Utp12	3	3
Ribosomal_L12_N	3	3
Peptidase_S28	3	3
Vert_HS_TF	3	3
HNOBA	3	3
SPAR_C	3	3
ADH_N_2	3	3
RSN1_7TM	3	3
SHR-BD	3	3
Tyrosinase	3	3
EST1_DNA_bind	3	3
UMPH-1	3	3
TNRC6-PABC_bdg	3	3
APP_E2	3	3
STAG	3	3
CRIC_ras_sig	3	3
FOXO-TAD	3	3
pKID	3	3
PDEase_I_N	3	3
SLY	3	3
Sod_Cu	3	3
AAA_2	3	3
PK	3	3
Synuclein	3	3
HHH_5	3	3
Sorb	3	3
Noelin-1	3	3
Otopetrin	3	3
Ribosomal_L12	3	3
NCOA_u2	3	3
Receptor_2B4	3	3
DUF1086	3	3
DARPP-32	3	3
BOP1NT	3	3
DNA_pol_B	3	3
LSR	3	3
UPF0020	3	3
Rab5ip	3	3
FAD-oxidase_C	3	3
Mito_fiss_reg	3	3
Sas10_Utp3	3	3
NO_synthase	3	3
Ceramidse_alk_C	3	3
Peptidase_M19	3	3
PIP49_N	3	3
Asparaginase_2	3	3
RrnaAD	3	3
Ripply	3	3
Lipocalin_7	3	3
Tub_N	3	3
Chromo_shadow	3	3
CKS	3	3
LIX1	3	3
PP2C_C	3	3
Nuc_rec_co-act	3	3
Forkhead_N	3	3
NKAP	3	3
zf-CDGSH	3	3
CHDCT2	3	3
SAPS	3	3
Latrophilin	3	3
DUF4515	3	3
PGM_PMM_IV	3	3
Cu_amine_oxid	3	3
Reeler	3	3
TSNAXIP1_N	3	3
Fib_alpha	3	3
HH_signal	3	3
Pellino	3	3
EST1	3	3
PH_3	3	3
BSD	3	3
Dsh_C	3	3
APP_N	3	3
RPAP3_C	3	3
VASP_tetra	3	3
RS4NT	3	3
PurA	3	3
HNOB	3	3
CCDC92	3	3
SHS2_Rpb7-N	3	3
Cu-oxidase	3	3
CLCA	3	3
HNF-1_N	3	3
AMPK1_CBM	3	3
THRAP3_BCLAF1	3	3
FUN14	3	3
DAG_kinase_N	3	3
PLAC8	3	3
Katanin_con80	3	3
LNS2	3	3
DNA_pol_B_exo1	3	3
p25-alpha	3	3
tRNA-synt_1b	3	3
tRNA-synt_1c	3	3
tRNA-synt_1g	3	3
MAGUK_N_PEST	3	3
P4Ha_N	3	3
ODC_AZ	3	3
REJ	3	3
UPF0560	3	3
Folate_carrier	3	3
PGK	3	3
MIF	3	3
Endothelin	3	3
GHMP_kinases_C	3	3
IL17_R_N	3	3
ATP-synt_G	3	3
AKAP_110	3	3
RFX1_trans_act	3	3
Striatin	3	3
TRAM1	3	3
B2-adapt-app_C	3	3
PI3K_p85B	3	3
ParA	3	3
ERGIC_N	3	3
UbiA	3	3
OST3_OST6	3	3
Melibiase_2	3	3
MutS_I	3	3
Caudal_act	3	3
PAP_central	3	3
DUF3452	3	3
DUF3454	3	3
FAM163	3	3
IRF-2BP1_2	3	3
DUF1356	3	3
TFIIA	3	3
SRRM_C	3	3
PL48	3	3
HARE-HTH	3	3
PLC-beta_C	3	3
PK_C	3	3
DER1	3	3
FDX-ACB	3	3
SelR	3	3
P66_CC	3	3
DUF4592	3	3
KRAP_IP3R_bind	3	3
PUA	3	3
Atrophin-1	3	3
Complex1_LYR_2	3	3
Sina	3	3
Cathelicidins	3	3
Evr1_Alr	3	3
DUF4430	3	3
PLDc_3	3	3
OxoGdeHyase_C	3	3
PKI	3	3
Speriolin_C	3	3
Speriolin_N	3	3
Auts2	3	3
DUF3808	3	3
DUF4600	3	3
Ribosomal_S10	3	3
Ribosomal_S17	3	3
Rieske	3	3
NEXCaM_BD	3	3
IL28A	3	3
DLL_N	3	3
FAD_binding_3	3	3
ATP_bind_1	3	3
MAGI_u1	3	3
Oxidored-like	3	3
DUF4414	3	3
DUF1087	3	3
Rad21_Rec8	3	3
Sds3	3	3
SMP_LBD	3	3
CHDNT	3	3
Calcipressin	3	3
tRNA-synt_His	3	3
PRK	3	3
RELT	3	3
Pacs-1	3	3
SNAP	3	3
DCP1	3	3
Cu2_monooxygen	3	3
TEX13	3	3
ATP-grasp_3	3	3
Cobalamin_bind	3	3
DNA_pol_A	3	3
DUF2346	3	3
Hormone_3	3	3
XAP5	3	3
FAM101	3	3
ADP_ribosyl_GH	3	3
Malic_M	3	3
ARF7EP_C	3	3
COMPASS-Shg1	3	3
Sam68-YY	3	3
DUF4208	3	3
Robl_LC7	3	3
Trm112p	3	3
HMGL-like	3	3
Amidase	3	3
Sld5	3	3
PCMT	3	3
zf-nanos	3	3
Dynein_light	3	3
VPS13_C	3	3
ETS_PEA3_N	3	3
B12D	3	3
PA14	3	3
hSac2	3	3
DNA_pol_E_B	3	3
RNA_pol_Rpb2_7	3	3
RNA_pol_Rpb2_6	3	3
RNA_pol_Rpb2_1	3	3
RNA_pol_Rpb2_3	3	3
RNA_pol_Rpb2_2	3	3
Cortexin	3	3
WTX	3	3
Rubis-subs-bind	3	3
AA_permease_N	3	3
Sox_N	3	3
Formyl_trans_C	3	3
STPPase_N	3	3
ASXH	3	3
DP	3	3
GYF	3	3
AMPKBI	3	3
Gate	3	3
DUF21	3	3
HAD	3	3
polyprenyl_synt	3	3
DUF4782	3	3
SMAP	3	3
malic	3	3
MT-A70	3	3
COMP	3	3
IL10	3	3
Cu2_monoox_C	3	3
Lyase_1	3	3
HIF-1	3	3
SSXT	3	3
Methyltransf_24	3	3
Glyco_transf_90	3	3
Ubiquitin_2	3	3
Hint	3	3
Lipin_N	3	3
PNRC	3	3
SIT	3	3
DALR_1	3	3
TMPIT	3	3
DUF971	3	3
Cu_amine_oxidN3	3	3
Cu_amine_oxidN2	3	3
Sybindin	3	3
Glyoxalase_4	3	3
P53	3	3
PfkB	3	3
DUF1977	3	3
KELK	3	3
COX6A	3	3
COX6B	3	3
tRNA_m1G_MT	3	3
THUMP	3	3
TORC_M	3	3
TORC_N	3	3
TORC_C	3	3
Cbl_N	3	3
Peptidase_M3	3	3
VPS13	3	3
BAR_3_WASP_bdg	3	3
Ribosomal_S2	3	3
DNA_ligase_A_C	3	3
DNA_ligase_A_N	3	3
F-actin_cap_A	3	3
Angiomotin_C	3	3
AMOP	3	3
Myc_N	3	3
NEMO	3	3
HhH-GPD	3	3
SMN	3	3
Peptidase_S10	3	3
AAA_22	3	3
AAA_25	3	3
CSN8_PSD8_EIF3K	3	3
ABM	3	3
FGF-BP1	3	3
5-FTHF_cyc-lig	3	3
ADK_lid	3	3
RNA_pol_Rpb1_2	3	3
RNA_pol_Rpb1_3	3	3
RNA_pol_Rpb1_1	3	3
RNA_pol_Rpb1_4	3	3
RNA_pol_Rpb1_5	3	3
Calsarcin	3	3
P53_tetramer	3	3
CAMSAP_CKK	3	3
TraB	3	3
CARMIL_C	3	3
RMMBL	3	3
AhpC-TSA_2	3	3
Homez	3	3
NYAP_N	3	3
Pax2_C	3	3
Zfx_Zfy_act	3	3
Dysbindin	3	3
UPF0220	3	3
Ribosomal_L1	3	3
Ribosomal_L3	3	3
Transmemb_17	3	3
COPIIcoated_ERV	3	3
zf-ANAPC11	3	3
Orn_Arg_deC_N	3	3
Vps26	3	3
Nucleos_tra2_C	3	3
Nucleos_tra2_N	3	3
SRC-1	3	3
Orn_DAP_Arg_deC	3	3
PHM7_cyt	3	3
Requiem_N	3	3
RunxI	3	3
RPE65	3	3
GMP_PDE_delta	3	3
RNA_pol_Rpb4	3	3
UDPGP	3	3
Alba	3	3
Popeye	3	3
CoA_binding	3	3
Vg_Tdu	3	3
CD99L2	3	3
JAKMIP_CC3	3	3
MamL-1	3	3
Myelin_PLP	3	3
GCFC	3	3
Taxilin	3	3
RNA_pol_3_Rpc31	3	3
DUF4713	3	3
HTH_23	3	3
Glyco_tranf_2_4	3	3
T4_deiodinase	3	3
Methyltransf_3	3	3
Lipin_mid	3	3
SAA	3	3
RHIM	3	3
PAP_RNA-bind	3	3
V1R	3	3
HAGH_C	3	3
APP_amyloid	3	3
Dishevelled	3	3
CD36	3	3
Ribosomal_L26	3	3
Ribosomal_L22	3	3
Rad21_Rec8_N	3	3
DUF667	3	3
TF_Otx	3	3
TACC	3	3
CECR6_TMEM121	3	3
CD34_antigen	3	3
HD	3	3
ASD1	3	3
ACOX	3	3
PBP	3	3
Fam20C	3	3
Ribosomal_60s	3	3
Tet_JBP	3	3
Lactamase_B_2	3	3
ER_lumen_recept	3	3
WGR	3	3
RasGAP_C	3	3
L51_S25_CI-B8	3	3
Arylesterase	3	3
MYT1	3	3
Calcyon	3	3
FAO_M	3	3
DUF1856	3	3
CLAMP	3	3
Cul7	3	3
GSDH	3	3
BPS	3	3
S10_plectin	3	3
Arginase	3	3
DUF2465	3	3
DUF3361	3	3
Ribonuc_2-5A	3	3
Rho_GDI	3	3
DDDD	3	3
CAMSAP_CC1	3	3
Thymidylate_kin	3	3
Elf-1_N	3	3
CENP-S	3	3
CCDC85	3	3
WAC_Acf1_DNA_bd	3	3
RILP	3	3
NNMT_PNMT_TEMT	3	3
Bap31	3	3
Ribosomal_S4e	3	3
TPKR_C2	3	3
Rad9	3	3
Glyco_transf_49	3	3
Glyco_transf_43	3	3
Armet	3	3
Chibby	3	3
APP_Cu_bd	3	3
DRMBL	3	3
MOSC_N	3	3
Cmyb_C	3	3
CH_2	3	3
DUF3446	3	3
CSRNP_N	3	3
RBR	3	3
FAM176	3	3
GSG-1	3	3
CITED	3	3
ANP	3	3
Ufd2P_core	3	3
TauD	3	3
Glyco_transf_25	3	3
DUF4585	3	3
Glycolytic	3	3
Phosphorylase	3	3
LisH_2	3	3
SUZ-C	3	3
Crisp	3	3
MGC-24	3	3
UCH_N	3	3
Ceramidase	3	3
zf-3CxxC_2	3	3
AXH	3	3
CBF	3	3
Cbl_N2	3	3
Cbl_N3	3	3
H2TH	3	3
LETM1	3	3
RSN1_TM	3	3
Pex2_Pex12	3	3
HRDC	3	3
Aconitase_C	3	3
DUF2475	3	3
RR_TM4-6	3	3
SSDP	3	3
CREPT	3	3
Lipase_GDSL_2	3	3
PRKG1_interact	3	3
Anth_Ig	3	3
G6PD_C	3	3
G6PD_N	3	3
FAM131	3	3
Cnn_1N	3	3
eIF_4EBP	3	3
Jun	3	3
CDI	3	3
ALMS_motif	3	3
Ribosomal_S26e	3	3
PIN_4	3	3
SCA7	3	3
DUF504	3	3
FAM53	3	3
MOSC	3	3
RIO1	3	3
CPT_N	3	3
Serine_rich	3	3
Citrate_synt	3	3
PTR2	3	3
Tim44	3	3
PPR_3	2	3
GAF_2	2	3
TBP-binding	2	3
DUF3715	2	3
Drf_FH1	2	3
UT	2	3
z-alpha	2	3
zf-C2H2_2	2	3
Med25	2	3
Ribonucleas_3_3	2	3
Fer4	2	3
MoCF_biosynth	2	3
PAN_4	2	3
zf-CCCH_2	2	3
HTH_psq	2	3
TCR	2	3
zf-PARP	2	3
DUF2181	2	3
CCDC168_N	1	3
CHRD	1	3
Smoothelin	1	3
PQQ_3	1	3
TOH_N	1	3
ACTH_domain	1	3
CENP-F_leu_zip	1	3
Pentapeptide	1	3
GlcNAc_2-epim	2	2
Peptidase_M24_C	2	2
AKAP2_C	2	2
Smg4_UPF3	2	2
DHDPS	2	2
Tcell_CD4_C	2	2
RLI	2	2
Agouti	2	2
GnRH	2	2
Vasohibin	2	2
PEPCK	2	2
Glyco_hydro_99	2	2
Sp38	2	2
DUF1387	2	2
Spermine_synth	2	2
ChaC	2	2
Ig_5	2	2
UPF0693	2	2
YccV-like	2	2
Cyclin_C_2	2	2
zf-LITAF-like	2	2
ATF7IP_BD	2	2
ProSAAS	2	2
CCDC74_C	2	2
DUF3523	2	2
SpoU_sub_bind	2	2
FAM76	2	2
DUF3740	2	2
Mo25	2	2
UPAR_LY6_2	2	2
V-ATPase_C	2	2
PACT_coil_coil	2	2
HNF_C	2	2
DUF4210	2	2
SCO1-SenC	2	2
Fcf1	2	2
PHO4	2	2
Nop52	2	2
PSS	2	2
N6-adenineMlase	2	2
Prp18	2	2
Tankyrase_bdg_C	2	2
Tmemb_55A	2	2
Ketoacyl-synt_C	2	2
NEMP	2	2
NMT	2	2
MOR2-PAG1_C	2	2
APC_basic	2	2
DUF719	2	2
DUF59	2	2
IMUP	2	2
Cmc1	2	2
ParcG	2	2
MKRN1_C	2	2
DUF3827	2	2
PTN_MK_C	2	2
YL1_C	2	2
Sec2p	2	2
Lebercilin	2	2
MPC	2	2
Flavodoxin_2	2	2
AXIN1_TNKS_BD	2	2
HECW_N	2	2
Syntaphilin	2	2
FMN_red	2	2
ISK_Channel	2	2
Nucleoporin_C	2	2
Seryl_tRNA_N	2	2
zf-SAP30	2	2
SOAR	2	2
SBF2	2	2
AIP3	2	2
PUFD	2	2
DUF3508	2	2
XPA_C	2	2
BSMAP	2	2
TruD	2	2
ACC_central	2	2
NRN1	2	2
DOR	2	2
BAF	2	2
ST7	2	2
LRRFIP	2	2
FAM216B	2	2
DUF737	2	2
IQCJ-SCHIP1	2	2
ApoO	2	2
Il2rg	2	2
Gly_transf_sug	2	2
Clathrin_bdg	2	2
GIT_CC	2	2
Sclerostin	2	2
TOPRIM_C	2	2
Spond_N	2	2
Mtf2_C	2	2
RBB1NT	2	2
Prok-JAB	2	2
Ribosomal_S8e	2	2
MIG-14_Wnt-bd	2	2
Syntaxin-6_N	2	2
NT5C	2	2
Galanin	2	2
MAP17	2	2
Mesothelin	2	2
Med12	2	2
CD4-extracel	2	2
DIM1	2	2
F_actin_bind	2	2
GPS2_interact	2	2
COR	2	2
Mon1	2	2
eIF-3c_N	2	2
DUF2315	2	2
Dopey_N	2	2
TAFII55_N	2	2
O-FucT	2	2
Clathrin_lg_ch	2	2
GCN5L1	2	2
Enkurin	2	2
Sec15	2	2
Sec16	2	2
Ant_C	2	2
RTC_insert	2	2
BTB_3	2	2
AbfB	2	2
Cyclin	2	2
Ribosomal_L2_C	2	2
TMEM126	2	2
Beta-TrCP_D	2	2
AARP2CN	2	2
FAM110_N	2	2
PhyH	2	2
DUF3543	2	2
Caskin-tail	2	2
Str_synth	2	2
VPS28	2	2
SKA1	2	2
2-oxogl_dehyd_N	2	2
BRI3BP	2	2
DUF3481	2	2
TUSC2	2	2
HDNR	2	2
IL17R_fnIII_D2	2	2
IL17R_fnIII_D1	2	2
tRNA-synt_1c_C	2	2
Rotamase	2	2
TBX	2	2
zf-NADH-PPase	2	2
FAM198	2	2
FAM195	2	2
FAM196	2	2
RESP18	2	2
Muted	2	2
ICAT	2	2
BicD	2	2
Tantalus	2	2
CAP_C	2	2
CAP_N	2	2
CDC50	2	2
Endosulfine	2	2
Telomere_Sde2_2	2	2
SOCS	2	2
NYD-SP28	2	2
Peptidase_C101	2	2
DGCR6	2	2
OGFr_N	2	2
Dimerisation2	2	2
DNA_photolyase	2	2
BCLP	2	2
NECFESHC	2	2
SprT-like	2	2
RhoGEF67_u2	2	2
RhoGEF67_u1	2	2
Alg6_Alg8	2	2
Synapsin_N	2	2
Synapsin_C	2	2
OCIA	2	2
FLYWCH_N	2	2
RPA_C	2	2
MitoNEET_N	2	2
Utp14	2	2
DUF4927	2	2
Gb3_synth	2	2
MENTAL	2	2
T-box_assoc	2	2
NEP	2	2
Prenylcys_lyase	2	2
P_C10	2	2
Vps55	2	2
CC2D2AN-C2	2	2
Tmp39	2	2
TLV_coat	2	2
IFT20	2	2
KSR1-SAM	2	2
EP400_N	2	2
MMgT	2	2
Prion	2	2
MOZART2	2	2
PI3K_1B_p101	2	2
DUF1180	2	2
Topo_C_assoc	2	2
FISNA	2	2
vATP-synt_AC39	2	2
TMEM251	2	2
Fructosamin_kin	2	2
TCRP1	2	2
DNA_gyraseB	2	2
BBL5	2	2
NDUFA12	2	2
Lon_C	2	2
STAC2_u1	2	2
MRFAP1	2	2
NAD_binding_11	2	2
Raftlin	2	2
AAA_34	2	2
LCAT	2	2
Motilin_assoc	2	2
MCU	2	2
Cdc6_C	2	2
UPF0004	2	2
KIX	2	2
SUIM_assoc	2	2
HHH_7	2	2
RhoGAP-FF1	2	2
Stanniocalcin	2	2
Glyco_transf_18	2	2
TMEM131_like	2	2
LMF1	2	2
XTBD	2	2
PSP	2	2
Arc_trans_TRASH	2	2
GpcrRhopsn4	2	2
zf-4CXXC_R1	2	2
Ribosomal_L14	2	2
Ribosomal_L11	2	2
Ribosomal_L10	2	2
Ribosomal_L13	2	2
Acyl_transf_1	2	2
zf-DBF	2	2
Yos1	2	2
TMEM187	2	2
SLC35F	2	2
RRM_3	2	2
TAF4	2	2
Rieske_2	2	2
Creatinase_N	2	2
IKKbetaNEMObind	2	2
tRNA_bind	2	2
ATP_synt_H	2	2
DAP	2	2
Phospholip_B	2	2
ULD	2	2
BBS1	2	2
DUF1088	2	2
RNA_pol_A_bac	2	2
TMEM52	2	2
CK1gamma_C	2	2
KTI12	2	2
Fe_hyd_lg_C	2	2
Hus1	2	2
CaM-KIIN	2	2
ANAPC5	2	2
Ciart	2	2
MOR2-PAG1_N	2	2
Sarcoglycan_2	2	2
NAAA-beta	2	2
Tyr_Deacylase	2	2
Fucokinase	2	2
DUF4578	2	2
DUF4579	2	2
DUF4573	2	2
DUF4571	2	2
OTCace_N	2	2
Peptidase_M17	2	2
zf-C2H2_7	2	2
CD45	2	2
Axin_b-cat_bind	2	2
DUF1279	2	2
Ribosomal_L39	2	2
APG9	2	2
eIF2A	2	2
TMEM219	2	2
LIF_OSM	2	2
FAM217	2	2
FAM212	2	2
Polysacc_synt_4	2	2
GalP_UDP_transf	2	2
Gp_dh_N	2	2
Gp_dh_C	2	2
YIF1	2	2
DUF1866	2	2
DCR	2	2
DUF1712	2	2
CKAP2_C	2	2
Apo-CII	2	2
Coatomer_WDAD	2	2
Topoisom_bac	2	2
RIBIOP_C	2	2
Topoisom_I	2	2
ETF	2	2
Amidinotransf	2	2
Tmemb_170	2	2
CALCOCO1	2	2
DUF3350	2	2
S-AdoMet_synt_C	2	2
WBS_methylT	2	2
S-AdoMet_synt_N	2	2
S-AdoMet_synt_M	2	2
DUF4371	2	2
CATSPERD	2	2
TRAP-delta	2	2
DUF4510	2	2
KIX_2	2	2
PTN_MK_N	2	2
HOIP-UBA	2	2
PRP38	2	2
GIY-YIG	2	2
OTCace	2	2
ketoacyl-synt	2	2
M-inducer_phosp	2	2
DUF383	2	2
DUF384	2	2
C2-C2_1	2	2
Sterile	2	2
CPSase_L_D3	2	2
IFT46_B_C	2	2
DHHA2	2	2
AlaDh_PNT_N	2	2
ASL_C2	2	2
MAS20	2	2
TMCO5	2	2
UPF0258	2	2
RAD51_interact	2	2
Coatomer_g_Cpla	2	2
Stork_head	2	2
Med26_M	2	2
FOP_dimer	2	2
Ric8	2	2
MAGP	2	2
DUF4657	2	2
LRR19-TM	2	2
CTP_transf_1	2	2
Glyco_hydro_20	2	2
Helicase_C_4	2	2
Costars	2	2
RNA_pol_Rpc82	2	2
CSTF_C	2	2
Adenylsucc_synt	2	2
DUF4682	2	2
DUF4683	2	2
DUF4685	2	2
Far-17a_AIG1	2	2
Myb_DNA-bind_7	2	2
GGACT	2	2
Peptidase_M54	2	2
DUF4533	2	2
DUF4530	2	2
DUF4537	2	2
DUF4535	2	2
Plug_translocon	2	2
CSTF2_hinge	2	2
TAF6_C	2	2
APC_N_CC	2	2
UNC45-central	2	2
ARHGEF5_35	2	2
Vma12	2	2
Glycohydro_20b2	2	2
NMDAR2_C	2	2
SHMT	2	2
PI31_Prot_N	2	2
AMMECR1	2	2
Synapsin	2	2
Rotamase_3	2	2
MRF_C2	2	2
MRF_C1	2	2
GWT1	2	2
UPRTase	2	2
CutA1	2	2
Heme_oxygenase	2	2
Motilin_ghrelin	2	2
IL7	2	2
HABP4_PAI-RBP1	2	2
RAMP4	2	2
SYCE1	2	2
Prokineticin	2	2
KKLCAg1	2	2
DRY_EERY	2	2
SQS_PSY	2	2
Peptidase_M76	2	2
DNA_methylase	2	2
LsmAD	2	2
WRNPLPNID	2	2
tRNA-synt_1d	2	2
tRNA-synt_1e	2	2
DUF4800	2	2
FXR_C1	2	2
Gly_rich	2	2
GCD14	2	2
LAP1C	2	2
HUN	2	2
MafB19-deam	2	2
ATG2_CAD	2	2
eIF2_C	2	2
E_Pc_C	2	2
UPF0564	2	2
Phospho_p8	2	2
Fzo_mitofusin	2	2
NAD_Gly3P_dh_C	2	2
NAD_Gly3P_dh_N	2	2
vATP-synt_E	2	2
COX8	2	2
UDG	2	2
IHABP4_N	2	2
DUF572	2	2
XPC-binding	2	2
Thyroglob_assoc	2	2
NumbF	2	2
AMP_N	2	2
FAM193_C	2	2
DUF3591	2	2
UPF0172	2	2
SH3-RhoG_link	2	2
DUF1143	2	2
Ribosomal_L27A	2	2
VHL	2	2
Pentapeptide_4	2	2
SOUL	2	2
Nramp	2	2
VKOR	2	2
HMG_CoA_synt_C	2	2
HMG_CoA_synt_N	2	2
SID-1_RNA_chan	2	2
Mtp	2	2
Lipid_DES	2	2
Receptor_IA-2	2	2
Peptidase_M16_M	2	2
NUDE_C	2	2
Cep57_CLD	2	2
NDUF_C2	2	2
FAM167	2	2
Alpha_adaptin_C	2	2
DUF913	2	2
COG2	2	2
EF1_GNE	2	2
DKCLD	2	2
UBD	2	2
DUF1681	2	2
Semenogelin	2	2
DUF4665	2	2
DUF3719	2	2
DUF4594	2	2
PMT_4TMC	2	2
Pro_dh	2	2
GPP34	2	2
Spindle_Spc25	2	2
DUF1168	2	2
Skp1_POZ	2	2
Yae1_N	2	2
Rho_Binding	2	2
Aminotran_4	2	2
Med13_C	2	2
Lipase_3	2	2
NHS	2	2
MRVI1	2	2
Mad3_BUB1_I	2	2
NAPRTase	2	2
FIIND	2	2
Bin3	2	2
NUDIX-like	2	2
Gaa1	2	2
Phosducin	2	2
SynMuv_product	2	2
TIP49	2	2
LMSTEN	2	2
Coa1	2	2
Hyccin	2	2
JIP_LZII	2	2
CoaE	2	2
DUF4605	2	2
Glyco_transf_11	2	2
Ribosomal_S11	2	2
Ribosomal_S14	2	2
Ribosomal_S15	2	2
HGAL	2	2
Glyco_trans_4_4	2	2
SLIDE	2	2
Sdh5	2	2
NOP5NT	2	2
PPR	2	2
Sec16_C	2	2
ARL2_Bind_BART	2	2
LAT2	2	2
TIM	2	2
Presenilin	2	2
Pyrophosphatase	2	2
FAD_binding_7	2	2
FAD_binding_5	2	2
Ribosomal_L30_N	2	2
MAGI_u5	2	2
Tis11B_N	2	2
SAP30_Sin3_bdg	2	2
IDO	2	2
PMT	2	2
FAM124	2	2
DUF544	2	2
FEZ	2	2
PPR_long	2	2
Ribosomal_S27e	2	2
DUF1640	2	2
Dynein_IC2	2	2
RTC	2	2
PRP4	2	2
PRP3	2	2
HAND	2	2
XRN_N	2	2
ICA69	2	2
CoA_transf_3	2	2
Prothymosin	2	2
MTCP1	2	2
DUF3534	2	2
Ly49	2	2
Ribosomal_S5_C	2	2
TCR_zetazeta	2	2
CLPTM1	2	2
FTHFS	2	2
zf-AD	2	2
Clusterin	2	2
Vps39_2	2	2
Vps39_1	2	2
Myf5	2	2
DUF1075	2	2
NLE	2	2
DLH	2	2
SSB	2	2
ATP-grasp_5	2	2
ATP-grasp_2	2	2
DUF2347	2	2
TRIC	2	2
Hormone_4	2	2
Hormone_5	2	2
NPC1_N	2	2
FAM104	2	2
Polyketide_cyc	2	2
WHAMM-JMY_N	2	2
FNIP_M	2	2
FNIP_N	2	2
NPBW	2	2
FNIP_C	2	2
GRASP55_65	2	2
Acylphosphatase	2	2
GrpE	2	2
Cpn10	2	2
Fe_hyd_SSU	2	2
PTH2	2	2
MFS_1_like	2	2
Olfactory_mark	2	2
40S_SA_C	2	2
Fucosidase_C	2	2
DUF3512	2	2
TMEM151	2	2
zf-C2H2_3	2	2
FAM219A	2	2
TFIID_NTD2	2	2
Med22	2	2
NMT_C	2	2
B12-binding	2	2
Phtf-FEM1B_bdg	2	2
DUF3776	2	2
DUF4201	2	2
DUF4203	2	2
NCKAP5	2	2
BRE1	2	2
zf-CSL	2	2
JMY	2	2
zf-H2C2	2	2
ARPC4	2	2
RNF111_N	2	2
Endostatin	2	2
DIE2_ALG10	2	2
CtIP_N	2	2
CTP_synth_N	2	2
Focal_AT	2	2
DUF498	2	2
Snapin_Pallidin	2	2
Rhomboid_SP	2	2
EAF	2	2
DUF872	2	2
N-SET	2	2
Fer2_2	2	2
EF_assoc_2	2	2
EF_assoc_1	2	2
DUF4714	2	2
EPO_TPO	2	2
DUF1170	2	2
Jiv90	2	2
eIF-5_eIF-2B	2	2
V-set_2	2	2
Glu-tRNAGln	2	2
Citrate_bind	2	2
DUF1358	2	2
TRC8_N	2	2
Nuc_recep-AF1	2	2
AP3B1_C	2	2
FerA	2	2
SRP54_N	2	2
Trp_dioxygenase	2	2
V-SNARE	2	2
PUA_2	2	2
RNA_pol_Rpb2_5	2	2
RNA_pol_Rpb2_4	2	2
Big_2	2	2
FAM24	2	2
PRT_C	2	2
ShK	2	2
HSBP1	2	2
RMI1_N	2	2
Glyco_hydro_79n	2	2
PAF-AH_p_II	2	2
FANCL_C	2	2
Pax7	2	2
N_BRCA1_IG	2	2
TGT	2	2
Peptidase_S74	2	2
Talin_middle	2	2
DUF812	2	2
Peptidase_C78	2	2
FBPase	2	2
Rad17	2	2
NUC153	2	2
Diphthamide_syn	2	2
DUF814	2	2
Glucosamine_iso	2	2
ATG16	2	2
DLIC	2	2
GSH-S_ATP	2	2
Translin	2	2
ALIX_LYPXL_bnd	2	2
Radial_spoke	2	2
DUF106	2	2
Tmemb_9	2	2
RVP_2	2	2
CDK5_activator	2	2
FragX_IP	2	2
CDC24	2	2
DUF4795	2	2
FGE-sulfatase	2	2
Cep57_MT_bd	2	2
PDE6_gamma	2	2
TAXi_C	2	2
Caprin-1_C	2	2
FAM199X	2	2
SLAIN	2	2
Med12-PQL	2	2
zf-CCHC_2	2	2
zf-CCHC_3	2	2
DUF837	2	2
DUF4490	2	2
Cor1	2	2
Sacchrp_dh_NADP	2	2
Nnf1	2	2
HAT_KAT11	2	2
DUF676	2	2
DHO_dh	2	2
DUF4596	2	2
Methyltransf_PK	2	2
B3_4	2	2
PIEZO	2	2
Chromosome_seg	2	2
Ribul_P_3_epim	2	2
PLA2G12	2	2
MutL_C	2	2
STIMATE	2	2
betaPIX_CC	2	2
DBC1	2	2
Rib_hydrolayse	2	2
Sec3-PIP2_bind	2	2
Guanylin	2	2
BAF250_C	2	2
CLN3	2	2
Ribosomal_S17e	2	2
Ribonuc_red_sm	2	2
DTHCT	2	2
TruB_C_2	2	2
SKI	2	2
EAP30	2	2
Acetyltransf_2	2	2
APS_kinase	2	2
AChE_tetra	2	2
Spot_14	2	2
AstE_AspA	2	2
TRAM	2	2
DUF3697	2	2
FAM183	2	2
FAM181	2	2
FAM180	2	2
FAM184	2	2
Nudc_N	2	2
Ribosomal_S9	2	2
Fer4_10	2	2
Ribosomal_S5	2	2
Ribosomal_S7	2	2
Dppa2_A	2	2
COP-gamma_platf	2	2
nlz1	2	2
SM-ATX	2	2
RBM39linker	2	2
Preseq_ALAS	2	2
Peptidase_C65	2	2
DUF1992	2	2
HEXIM	2	2
SIM_C	2	2
SMK-1	2	2
SPATIAL	2	2
KIAA1430	2	2
Cast	2	2
HIF-1a_CTAD	2	2
Ald_Xan_dh_C2	2	2
Rrp44_CSD1	2	2
DUF3480	2	2
GNT-I	2	2
DUF4061	2	2
DUF4062	2	2
HNF-1B_C	2	2
IFP_35_N	2	2
TspO_MBR	2	2
Peptidase_C13	2	2
AdenylateSensor	2	2
Cohesin_HEAT	2	2
SPT_ssu-like	2	2
Gar1	2	2
60KD_IMP	2	2
Nse4_C	2	2
Med13_N	2	2
Mnd1	2	2
MRAP	2	2
N1221	2	2
SH3BP5	2	2
CBFNT	2	2
EZH2_WD-Binding	2	2
Glyco_trans_1_2	2	2
Acetyltransf_13	2	2
NCD1	2	2
Prominin	2	2
NCD2	2	2
DUF1242	2	2
Med12-LCEWAV	2	2
Dapper	2	2
Acyl-CoA_ox_N	2	2
SNURF	2	2
APOC4	2	2
Cauli_VI	2	2
Pyrid_oxidase_2	2	2
NYAP_C	2	2
Cwf_Cwc_15	2	2
Mlf1IP	2	2
DHFR_1	2	2
FAM221	2	2
UNC119_bdg	2	2
GalKase_gal_bdg	2	2
PAXIP1_C	2	2
Ribosomal_L4	2	2
Ribosomal_L2	2	2
Ribosom_S12_S23	2	2
CG-1	2	2
ELFV_dehydrog_N	2	2
COX4	2	2
UCR_6-4kD	2	2
Tmemb_161AB	2	2
SHNi-TPR	2	2
Thioesterase	2	2
PRAP	2	2
KIND	2	2
Ribosomal_S19e	2	2
DUF3657	2	2
Ald_Xan_dh_C	2	2
SCHIP-1	2	2
DUF4560	2	2
ClpS	2	2
CDC37_M	2	2
ChlI	2	2
SRP54	2	2
SSFA2_C	2	2
Milton	2	2
TSGA13	2	2
SPATA6	2	2
fn3_4	2	2
WBS28	2	2
ATAD4	2	2
FAM209	2	2
DUF4717	2	2
CDC48_N	2	2
P16-Arc	2	2
CDC48_2	2	2
RPN7	2	2
CwfJ_C_1	2	2
CwfJ_C_2	2	2
Ribosomal_S21e	2	2
Methyltransf_2	2	2
Alpha_L_fucos	2	2
Dor1	2	2
DBB	2	2
Connexin40_C	2	2
CI-B14_5a	2	2
YhhN	2	2
GCM	2	2
Pterin_4a	2	2
BTD	2	2
DUF89	2	2
Topoisom_I_N	2	2
PTP_N	2	2
Fe-S_biosyn	2	2
UBN_AB	2	2
Kv2channel	2	2
IF-2	2	2
RNase_P_Rpp14	2	2
Glutaminase	2	2
EF-1_beta_acid	2	2
TPP_enzyme_N	2	2
TPP_enzyme_M	2	2
TPP_enzyme_C	2	2
DUF4509	2	2
Latexin	2	2
SWIRM-assoc_2	2	2
SWIRM-assoc_3	2	2
SWIRM-assoc_1	2	2
Cg6151-P	2	2
Calsequestrin	2	2
Ribosomal_L23	2	2
Ints3	2	2
Ribosomal_L11_N	2	2
Mago_nashi	2	2
PSP94	2	2
INSIG	2	2
L27_2	2	2
HPD	2	2
UNC-93	2	2
Pr_beta_C	2	2
Piezo_RRas_bdg	2	2
Put_Phosphatase	2	2
Neogenin_C	2	2
Rtt106	2	2
DUF3548	2	2
DSPn	2	2
Sep15_SelM	2	2
EMG1	2	2
Vitellogenin_N	2	2
ATP-synt_Eps	2	2
DUF4692	2	2
Peptidase_M22	2	2
Neurensin	2	2
CNPase	2	2
Engrail_1_C_sig	2	2
DUF4525	2	2
Caskin-Pro-rich	2	2
FXMR_C2	2	2
Isochorismatase	2	2
Neuregulin	2	2
CCM2_C	2	2
Ctr	2	2
Nckap1	2	2
DNase_II	2	2
Beta-lactamase	2	2
PDGF_N	2	2
DUF3402	2	2
DUF4757	2	2
Staufen_C	2	2
Strabismus	2	2
KH_6	2	2
Peptidase_C97	2	2
Glyco_hydro_30	2	2
GON	2	2
Arm_APC_u3	2	2
Amelogenin	2	2
Asp_Arg_Hydrox	2	2
DUF2464	2	2
Connexin50	2	2
AKNA	2	2
zf-TRAF_2	2	2
CPSase_sm_chain	2	2
CLP1_P	2	2
Creatinase_N_2	2	2
Peptidase_M48	2	2
Peptidase_M43	2	2
Sorting_nexin	2	2
Ribosomal_L22e	2	2
TFIID-18kDa	2	2
TMEM189_B_dmain	2	2
CUTL	2	2
Isy1	2	2
Nse4-Nse3_bdg	2	2
CEP63	2	2
CO_deh_flav_C	2	2
GLTSCR1	2	2
LCM	2	2
Met_10	2	2
PDCD2_C	2	2
PHC2_SAM_assoc	2	2
CCDC84	2	2
KCNQC3-Ank-G_bd	2	2
GIT1_C	2	2
p47_phox_C	2	2
TRM	2	2
UME	2	2
TRF	2	2
Bombesin	2	2
Trehalase	2	2
RD3	2	2
UEV	2	2
ELL	2	2
CBM_20	2	2
SGL	2	2
SnAC	2	2
PEMT	2	2
GCOM2	2	2
Rab5-bind	2	2
PITH	2	2
PH_13	2	2
IL1_propep	2	2
ATP-sulfurylase	2	2
Glyco_hydro_30C	2	2
DUF563	2	2
SIR2_2	2	2
Endonuclease_NS	2	2
BNIP3	2	2
DUF908	2	2
DUF902	2	2
Nsp1_C	2	2
Resistin	2	2
LIM_bind	2	2
Ceramidase_alk	2	2
Rad1	2	2
Peptidase_M60	2	2
DUF4659	2	2
Ribosomal_L24e	2	2
LEDGF	2	2
ERO1	2	2
PCRF	2	2
DUF1151	2	2
DUF1154	2	2
Lbh	2	2
ClpB_D2-small	2	2
GREB1	2	2
Securin	2	2
Pentapeptide_3	2	2
GSK-3_bind	2	2
NDT80_PhoG	2	2
Phospholip_A2_2	2	2
NDUF_B8	2	2
FAM177	2	2
FAM178	2	2
Sin3a_C	2	2
Glyco_transf_4	2	2
FtsH_ext	2	2
ELFV_dehydrog	2	2
Xylo_C	2	2
Dymeclin	2	2
Urotensin_II	2	2
PRORP	2	2
Ninjurin	2	2
MDFI	2	2
Cobl	2	2
GTP1_OBG	2	2
DUF543	2	2
LAG1-DNAbind	2	2
FAM92	2	2
LURAP	2	2
Autophagy_act_C	2	2
Sec5	2	2
CoA_trans	2	2
DUF4587	2	2
DUF4589	2	2
SecY	2	2
Jacalin	2	2
DNA_topoisoIV	2	2
RTP801_C	2	2
tRNA-synt_2c	2	2
tRNA-synt_2d	2	2
CENP-T_C	2	2
GluR_Homer-bdg	2	2
EBP50_C	2	2
ESSS	2	2
MTP18	2	2
MMR_HSR1_Xtn	2	2
Dzip-like_N	2	2
SGTA_dimer	2	2
UDP-g_GGTase	2	2
Cylicin_N	2	2
UPF0552	2	2
STT3	2	2
Collectrin	2	2
GUCT	2	2
Creb_binding	2	2
FWWh	2	2
FAM150	2	2
Glycogen_syn	2	2
DTW	2	2
GTSE1_N	2	2
FMN_dh	2	2
CEP170_C	2	2
Fibrillarin	2	2
Rootletin	2	2
Pam16	2	2
Inhibitor_Mig-6	2	2
DUF4637	2	2
Miga	2	2
DUF525	2	2
NARP1	2	2
Thr_synth_N	2	2
ASF1_hist_chap	2	2
Ribosomal_L28e	2	2
SNAP-25	2	2
Ku_N	2	2
Ku_C	2	2
M_domain	2	2
PPDFL	2	2
F-box_4	2	2
PP1_bind	2	2
Ku	2	2
PMM	2	2
QLQ	2	2
HTH_9	2	2
AAA_29	2	2
CASP_C	2	2
DuoxA	2	2
Sperm_Ag_HE2	2	2
SURF1	2	2
SURF2	2	2
SURF4	2	2
SURF6	2	2
TC1	2	2
TRAF_BIRC3_bd	2	2
Vasculin	2	2
TROVE	2	2
TIP120	2	2
IER	2	2
ECR1_N	2	2
Sin3_corepress	2	2
MTS	2	2
MRP-S35	2	2
RNA_POL_M_15KD	2	2
DUF1394	2	2
Rav1p_C	2	2
DUF4634	2	2
Ribosomal_S25	2	2
Ribosomal_S21	2	2
Rrp44_S1	2	2
GOLD_2	2	2
Mst1_SARAH	2	2
Potassium_chann	2	2
MaoC_dehydratas	2	2
WIF	2	2
XRCC1_N	2	2
eRF1_1	2	2
eRF1_3	2	2
eRF1_2	2	2
FOXO_KIX_bdg	2	2
BRD4_CDT	2	2
Anillin_N	1	2
FSIP2	1	2
Mucin-like	1	2
SH3_3	1	2
Allantoicase	1	2
Cementoin	1	2
DUF1211	1	2
zf-ZPR1	1	2
P120R	1	2
AAA_3	1	2
DUF3736	1	2
Rbsn	1	2
UPF0544	1	2
DUF4457	1	2
CLIP1_ZNF	1	2
MtN3_slv	1	2
CALM_bind	1	2
Tachykinin	1	2
AAA_21	1	2
UPF0016	1	2
Ribosomal_L6	1	2
PTPlike_phytase	1	2
HRG	1	2
HARP	1	2
zf-CCHH	1	2
IR1-M	1	2
DZR	1	2
EF-hand_11	1	2
NUC202	1	2
zf-NPL4	1	1
KLRAQ	1	1
PCIF1_WW	1	1
LAS2	1	1
COPR5	1	1
OPA3	1	1
Nipped-B_C	1	1
TPX2	1	1
R3H-assoc	1	1
PEX-1N	1	1
Sigma54_activat	1	1
Ubiq-Cytc-red_N	1	1
Rtf2	1	1
CaM_bdg_C0	1	1
Mak10	1	1
Mak16	1	1
MIF4G_like	1	1
Met_synt_B12	1	1
NICE-3	1	1
NICE-1	1	1
Myosin-VI_CBD	1	1
Npa1	1	1
RITA	1	1
SLC3A2_N	1	1
TFIIE_beta	1	1
RLL	1	1
CCDC117	1	1
Porphobil_deam	1	1
RGS12_usC	1	1
ecTbetaR2	1	1
SASRP1	1	1
RelB_leu_zip	1	1
CNTF	1	1
SH3-WW_linker	1	1
Ribosomal_L38e	1	1
hDGE_amylase	1	1
RGS12_us1	1	1
RGS12_us2	1	1
SAICAR_synt	1	1
DAO_C	1	1
FYTT	1	1
Mis12	1	1
Mis14	1	1
UFD1	1	1
MRP	1	1
MRI	1	1
Izumo-Ig	1	1
Ribosomal_S24e	1	1
Ribosomal_L6e_N	1	1
Cornifin	1	1
S100PBPR	1	1
Rep-A_N	1	1
Fer4_12	1	1
DFRP_C	1	1
Porphobil_deamC	1	1
Maelstrom	1	1
Aldose_epim	1	1
Dicer_dimer	1	1
UPF0697	1	1
EF_TS	1	1
DUF3524	1	1
TMEM144	1	1
TMEM141	1	1
API5	1	1
Flt3_lig	1	1
Membralin	1	1
ICAP-1_inte_bdg	1	1
mit_SMPDase	1	1
Aida_N	1	1
2Fe-2S_thioredx	1	1
SBDS	1	1
AIRC	1	1
ORC3_N	1	1
Zwint	1	1
CLU	1	1
Rcd1	1	1
23ISL	1	1
Peptidase_M15_3	1	1
Fn3_assoc	1	1
PNTB_4TM	1	1
Fcf2	1	1
UDPG_MGDP_dh	1	1
Siva	1	1
NRIP1_repr_4	1	1
NRIP1_repr_3	1	1
NRIP1_repr_2	1	1
NRIP1_repr_1	1	1
DNA_binding_1	1	1
Ima1_N	1	1
GIDE	1	1
GIDA	1	1
Apolipo_F	1	1
Senescence	1	1
Nop53	1	1
Prp19	1	1
GHBP	1	1
MaoC_dehydrat_N	1	1
NMU	1	1
PPP1R35_C	1	1
DUF2352	1	1
DUF2353	1	1
ATG101	1	1
HILPDA	1	1
DUF842	1	1
BBS2_C	1	1
Amelin	1	1
BBS2_N	1	1
PIGA	1	1
ACTL7A_N	1	1
DUF1771	1	1
BSP_II	1	1
G_path_suppress	1	1
Wyosine_form	1	1
Fis1_TPR_N	1	1
SLBP_RNA_bind	1	1
SAP18	1	1
DUF4171	1	1
RBFA	1	1
PaaSYMP	1	1
TFIIIC_sub6	1	1
DCA16	1	1
AAA_assoc_2	1	1
Bcr-Abl_Oligo	1	1
MYO10_CC	1	1
CHD5	1	1
DUF1674	1	1
Smg8_Smg9	1	1
DAG1	1	1
CENP-C_mid	1	1
Mss4	1	1
DUF1907	1	1
Fes1	1	1
CRF-BP	1	1
zf-C6H2	1	1
TIP39	1	1
EDR1	1	1
SBDS_C	1	1
Apc13p	1	1
SLAM	1	1
SepSecS	1	1
zf-TFIIIC	1	1
DNA_repr_REX1B	1	1
Takusan	1	1
U3_assoc_6	1	1
Phos_pyr_kin	1	1
zf-C2H2_assoc	1	1
RMI2	1	1
eIF3g	1	1
Nucleoporin_N	1	1
WW_FCH_linker	1	1
Gag_MA	1	1
TMEM164	1	1
EVI2A	1	1
HPIP	1	1
Med30	1	1
Med31	1	1
Protamine_P1	1	1
Protamine_P2	1	1
Utp13	1	1
zf-C3HC	1	1
Complex1_51K	1	1
FCP1_C	1	1
zf-C3H1	1	1
Cnd1_N	1	1
DnaB_C	1	1
Thg1	1	1
Sororin	1	1
DUF3767	1	1
Nucleopor_Nup85	1	1
MRP_L53	1	1
XPA_N	1	1
Ribos_L4_asso_C	1	1
FA_FANCE	1	1
Med24_N	1	1
Podoplanin	1	1
Ribosomal_L19e	1	1
Pept_tRNA_hydro	1	1
BRF1	1	1
FSIP1	1	1
CEP76-C2	1	1
CENP-F_C_Rb_bdg	1	1
LRIF1	1	1
Op_neuropeptide	1	1
V-ATPase_H_N	1	1
V-ATPase_H_C	1	1
Ribosomal_S13_N	1	1
NeuB	1	1
Vac_ImportDeg	1	1
GABP-alpha	1	1
PUL	1	1
Ribonuclease_T2	1	1
Misat_Tub_SegII	1	1
P-mevalo_kinase	1	1
Neural_ProG_Cyt	1	1
Kinetochor_Ybp2	1	1
CF222	1	1
NUC129	1	1
DUF2373	1	1
TPPII	1	1
zf-primase	1	1
Fanconi_C	1	1
Fanconi_A	1	1
GSH_synth_ATP	1	1
TEX29	1	1
DIRP	1	1
CCDC154	1	1
CCDC158	1	1
Succ_CoA_lig	1	1
DUF866	1	1
KAP	1	1
Ashwin	1	1
Nitroreductase	1	1
PDE8	1	1
Telomere_Sde2	1	1
HEM4	1	1
Ribosomal_L34e	1	1
ICMT	1	1
zn-ribbon_14	1	1
Pox_MCEL	1	1
Rap1_C	1	1
ESCRT-II	1	1
CART	1	1
Ribosomal_S28e	1	1
RbsD_FucU	1	1
Scs3p	1	1
CCDC50_N	1	1
Noc2	1	1
Ge1_WD40	1	1
Pex14_N	1	1
Njmu-R1	1	1
dUTPase	1	1
MCLC	1	1
zf-C2HE	1	1
Methyltransf_1N	1	1
MARCKS	1	1
CCDC73	1	1
Methyltransf_15	1	1
Methyltransf_10	1	1
NARG2_C	1	1
TMEM108	1	1
WD40_3	1	1
TMEM101	1	1
TMEM100	1	1
TMEM107	1	1
eIF-6	1	1
SNN_cytoplasm	1	1
NOG1	1	1
GATase_5	1	1
RAG2_PHD	1	1
NB-ARC	1	1
SH3_4	1	1
Med10	1	1
Med11	1	1
Med14	1	1
Med15	1	1
Med16	1	1
Med18	1	1
Med19	1	1
Methyltransf_FA	1	1
PolyA_pol_RNAbd	1	1
RecQ5	1	1
CEND1	1	1
Adhes-Ig_like	1	1
K1377	1	1
CCCAP	1	1
Kdo	1	1
PIG-X	1	1
PIG-Y	1	1
PIG-U	1	1
PIG-S	1	1
PIG-P	1	1
PIG-H	1	1
PIG-F	1	1
DCAF17	1	1
3-HAO	1	1
Aurora-A_bind	1	1
Ku_PK_bind	1	1
GARS_N	1	1
Apo-CIII	1	1
Pox_D5	1	1
PCNP	1	1
Nop14	1	1
Nop16	1	1
COQ9	1	1
Peptidase_S68	1	1
COQ7	1	1
TrmE_N	1	1
HBB	1	1
Fibrinogen_aC	1	1
NAT	1	1
ETF_alpha	1	1
CDC73_N	1	1
RuvB_N	1	1
CDC73_C	1	1
zf-dskA_traR	1	1
UCR_14kD	1	1
Paxillin	1	1
SVA	1	1
MR_MLE_N	1	1
ERp29_N	1	1
RasGEF_N_2	1	1
NMD3	1	1
TUG-UBL1	1	1
CDO_I	1	1
MISS	1	1
LAMTOR	1	1
TTC5_OB	1	1
TP6A_N	1	1
Orexin_rec2	1	1
Sec10	1	1
Serglycin	1	1
Ribosomal_L32p	1	1
Glycophorin_A	1	1
MSL2-CXC	1	1
Ribosomal_L32e	1	1
AJAP1_PANP_C	1	1
GDPD_2	1	1
COX2_TM	1	1
DDOST_48kD	1	1
Pur_DNA_glyco	1	1
Sof1	1	1
Not1	1	1
Draxin	1	1
KxDL	1	1
Ubie_methyltran	1	1
Treslin_N	1	1
Rogdi_lz	1	1
HYLS1_C	1	1
Swi5	1	1
DUF1943	1	1
Vps23_core	1	1
Swi3	1	1
PAC4	1	1
FANCA_interact	1	1
PAC1	1	1
PAC2	1	1
PAC3	1	1
Fic	1	1
Condensin2nSMC	1	1
DSBA	1	1
CPL	1	1
ERK-JNK_inhib	1	1
Thymopoietin	1	1
TPK_catalytic	1	1
UDPG_MGDP_dh_C	1	1
ODAM	1	1
PCM1_C	1	1
TAF1_subA	1	1
Smr	1	1
Mre11_DNA_bind	1	1
MFS_5	1	1
Beta-APP	1	1
IL4	1	1
EABR	1	1
HPS3_N	1	1
HPS3_C	1	1
TMEM125	1	1
Hira	1	1
UPF0184	1	1
UPF0183	1	1
NUFIP2	1	1
CNRIP1	1	1
BCNT	1	1
GDE_C	1	1
NAD_binding_5	1	1
NAD_binding_3	1	1
DUF3546	1	1
DUF3544	1	1
TRAP_alpha	1	1
NUDIX_2	1	1
NUDIX_4	1	1
NUDIX_5	1	1
SNAPc_SNAP43	1	1
TMEM135_C_rich	1	1
FAM60A	1	1
SKA2	1	1
DUF1794	1	1
Sacchrp_dh_C	1	1
zinc_ribbon_2	1	1
zinc_ribbon_6	1	1
DUF1573	1	1
Adaptin_binding	1	1
TEX19	1	1
LIP1	1	1
TEX15	1	1
Complex1_30kDa	1	1
Thoc2	1	1
LMWPc	1	1
TEX12	1	1
GPI2	1	1
Meiosis_expr	1	1
HSL_N	1	1
MCM2_N	1	1
BMF	1	1
CCSAP	1	1
POT1PC	1	1
P53_TAD	1	1
DUF773	1	1
DUF776	1	1
DUF775	1	1
DUF778	1	1
ERG2_Sigma1R	1	1
MPLKIP	1	1
SLX9	1	1
PRIMA1	1	1
Hrs_helical	1	1
DUF3689	1	1
DASH_Hsk3	1	1
Myelin_MBP	1	1
DUF829	1	1
SPICE	1	1
Muskelin_N	1	1
SAMBD	1	1
DUF4483	1	1
DUF4481	1	1
DUF4486	1	1
DUF4487	1	1
DUF4485	1	1
Eaf7	1	1
Pro_racemase	1	1
Casein	1	1
YqgF	1	1
Fibin	1	1
Uso1_p115_C	1	1
Sec34	1	1
stn_TNFRSF12A	1	1
Sec39	1	1
IL23	1	1
IL22	1	1
ETF_QO	1	1
DNA_pol_phi	1	1
Gln-synt_N	1	1
SPC12	1	1
TACI-CRD2	1	1
DUF1968	1	1
dsDNA_bind	1	1
XRCC4	1	1
Rod_C	1	1
Macscav_rec	1	1
TRAP_beta	1	1
CAAP1	1	1
Peptidase_C39_2	1	1
MBF1	1	1
F_actin_cap_B	1	1
SIN1_PH	1	1
Lsm_interact	1	1
YchF-GTPase_C	1	1
FAM35_C	1	1
SCRG1	1	1
CybS	1	1
CCDC32	1	1
Folliculin_C	1	1
SIMPL	1	1
Bystin	1	1
COX7C	1	1
Arg_tRNA_synt_N	1	1
Vps53_N	1	1
Stealth_CR3	1	1
DUF4078	1	1
zf-CHCC	1	1
SPT16	1	1
DUF1777	1	1
REPA_OB_2	1	1
PRKCSH_1	1	1
VIGSSK	1	1
ELP6	1	1
FLYWCH_u	1	1
Siah-Interact_N	1	1
Utp11	1	1
PALB2_WD40	1	1
SGT1	1	1
SPATA19	1	1
TMEM95	1	1
CENP-N	1	1
ACT	1	1
Rpn3_C	1	1
TAT_ubiq	1	1
MTHFR	1	1
GILT	1	1
Peptidase_C26	1	1
Use1	1	1
Vps54	1	1
HSD3	1	1
PPP1R26_N	1	1
TSSC4	1	1
DUF3668	1	1
BaffR-Tall_bind	1	1
IKI3	1	1
MAJIN	1	1
Vps54_N	1	1
PMC2NT	1	1
DBP10CT	1	1
DUF1232	1	1
Coq4	1	1
NUC130_3NT	1	1
DMP1	1	1
DREV	1	1
ATG7_N	1	1
Fer4_21	1	1
Fer4_20	1	1
DUF155	1	1
EFTUD2	1	1
Urb2	1	1
DAOA	1	1
Ribosomal_L23eN	1	1
MOZART1	1	1
Stealth_CR2	1	1
Peroxin-3	1	1
Stealth_CR1	1	1
Stealth_CR4	1	1
VRR_NUC	1	1
A_deaminase_N	1	1
NADH_dh_m_C1	1	1
FAIM1	1	1
HIRA_B	1	1
Rib_5-P_isom_A	1	1
COX5A	1	1
COX5B	1	1
TMEM252	1	1
TMIE	1	1
BH3	1	1
Slx4	1	1
Mt_ATP-synt_D	1	1
SUFU	1	1
DEC1	1	1
Nuf2	1	1
CCDC14	1	1
UPF0492	1	1
VHL_C	1	1
VPS11_C	1	1
Fapy_DNA_glyco	1	1
Ins134_P3_kin	1	1
ALG3	1	1
zf-C2H2_assoc2	1	1
zf-C2H2_assoc3	1	1
UPF0239	1	1
OCD_Mu_crystall	1	1
DUF4727	1	1
DUF4726	1	1
DUF4725	1	1
BAALC_N	1	1
DUF4723	1	1
TBCC_N	1	1
DUF4721	1	1
DUF4720	1	1
DUF1751	1	1
Chisel	1	1
DUF1754	1	1
CYTL1	1	1
HTH_11	1	1
Statherin	1	1
DNA_RNApol_7kD	1	1
Neugrin	1	1
MTBP_C	1	1
MTBP_N	1	1
RCDG1	1	1
Musclin	1	1
Scm3	1	1
SLBB	1	1
B12-binding_2	1	1
NAGPA	1	1
5_nucleotid_C	1	1
NAD_kinase	1	1
BID	1	1
PEN-2	1	1
Dak1	1	1
Dak2	1	1
NOGCT	1	1
RCSD	1	1
MCD	1	1
Strumpellin	1	1
GFA	1	1
EXS	1	1
GNAT_acetyltr_2	1	1
DUF2048	1	1
DUF2045	1	1
DUF2046	1	1
DUF2040	1	1
DUF2042	1	1
SSrecog	1	1
DUF3395	1	1
Sec3_C	1	1
MDM1	1	1
FumaraseC_C	1	1
IFT43	1	1
DUF1081	1	1
Mucin15	1	1
Proteasom_PSMB	1	1
MAM33	1	1
PT	1	1
Nup88	1	1
MIP-T3	1	1
HHH_2	1	1
SAYSvFN	1	1
DUF4554	1	1
DUF4555	1	1
DUF4556	1	1
DUF4550	1	1
DUF4551	1	1
DUF4552	1	1
DUF4553	1	1
DUF4558	1	1
DUF4559	1	1
UCR_hinge	1	1
Neuropeptide_S	1	1
MKLP1_Arf_bdg	1	1
eIF3_p135	1	1
OSTMP1	1	1
Mannosyl_trans	1	1
Mmp37	1	1
SRP68	1	1
Kri1	1	1
TAL_FSA	1	1
SPO11_like	1	1
Alg14	1	1
zf-RING_6	1	1
zf-RING_4	1	1
EKLF_TAD1	1	1
EKLF_TAD2	1	1
tRNA_int_end_N2	1	1
Ribosomal_L17	1	1
Ribosomal_L19	1	1
Ribosomal_L18	1	1
TINF2_N	1	1
UNC-50	1	1
Orexin	1	1
AIF_C	1	1
P19Arf_N	1	1
Pinin_SDK_N	1	1
RRM_4	1	1
RNA_pol_Rpb8	1	1
NifU_N	1	1
MCRS_N	1	1
CIA30	1	1
Ribosomal_L5_C	1	1
CarbopepD_reg_2	1	1
ALAD	1	1
Ribosomal_L13e	1	1
SAS-6_N	1	1
FTCD_N	1	1
FTCD_C	1	1
DUF4709	1	1
DUF4708	1	1
Augurin	1	1
PDCD9	1	1
DUF4701	1	1
PDCD7	1	1
DUF4703	1	1
DUF4702	1	1
DUF4707	1	1
DUF4706	1	1
ArsA_ATPase	1	1
Q_salvage	1	1
BDHCT	1	1
Smac_DIABLO	1	1
Nucleoporin2	1	1
LYRIC	1	1
eIF3_N	1	1
Pro-MCH	1	1
NOA36	1	1
DAD	1	1
NDUF_B12	1	1
SNAPc19	1	1
CMS1	1	1
DUF1731	1	1
6PGD	1	1
SF1-HH	1	1
SRI	1	1
ETC_C1_NDUFA5	1	1
ETC_C1_NDUFA4	1	1
HEPN	1	1
Coatomer_E	1	1
DUF423	1	1
CYLD_phos_site	1	1
PRNT	1	1
TMEM51	1	1
ATP12	1	1
ATP11	1	1
DUF4724	1	1
Fanconi_A_N	1	1
DUF4722	1	1
MAD	1	1
Bclt	1	1
Glyco_hydro_63	1	1
Cadherin-like	1	1
GatB_Yqey	1	1
ADSL_C	1	1
EVE	1	1
LLC1	1	1
UPF0029	1	1
ANAPC8	1	1
DUF4549	1	1
ANAPC1	1	1
ANAPC2	1	1
ANAPC4	1	1
DUF92	1	1
FTCD	1	1
CAF1-p150_N	1	1
ATP-synt_F6	1	1
DUF4392	1	1
zf-C2H2_8	1	1
Dynactin_p62	1	1
Ferrochelatase	1	1
DUF4576	1	1
Abi	1	1
DUF4574	1	1
DUF4572	1	1
DUF4570	1	1
SPEG_u2	1	1
Glycos_transf_4	1	1
Glycos_transf_3	1	1
CD47	1	1
Acatn	1	1
VMA21	1	1
G0-G1_switch_2	1	1
Rad50_zn_hook	1	1
NuDC	1	1
DUF5110	1	1
WASH-7_mid	1	1
HMG_box_5	1	1
RAB3GAP2_N	1	1
RAB3GAP2_C	1	1
Enamelin	1	1
Aida_C2	1	1
JSRP	1	1
RFamide_26RFa	1	1
Ribosomal_L33	1	1
Ribosomal_L36	1	1
Ribosomal_L34	1	1
zf-SCNM1	1	1
TM231	1	1
APG6	1	1
APG5	1	1
EB1_binding	1	1
Nrap	1	1
SNN_linker	1	1
TMEM213	1	1
TMEM210	1	1
TMEM215	1	1
TMEM214	1	1
COX14	1	1
COX16	1	1
COX17	1	1
Lipocalin_2	1	1
DUF2723	1	1
Keratin_assoc	1	1
Kinocilin	1	1
Polysacc_synt_2	1	1
TPMT	1	1
GFO_IDH_MocA	1	1
Bclx_interact	1	1
TOM6p	1	1
BNR_6	1	1
MCM3AP_GANP	1	1
Ribosomal_L15e	1	1
Ribosomal_L40e	1	1
DUF4764	1	1
MazG-like	1	1
BORA_N	1	1
NAGLU	1	1
Rio2_N	1	1
Mob_synth_C	1	1
TIP_N	1	1
OCC1	1	1
PAW	1	1
DUF4187	1	1
ASCH	1	1
PAG	1	1
Methyltrn_RNA_3	1	1
NADH_4Fe-4S	1	1
Peptidase_M17_N	1	1
DUF1713	1	1
DNA_pol_alpha_N	1	1
Rab15_effector	1	1
Glyco_hydro_63N	1	1
CBF_beta	1	1
Quaking_NLS	1	1
Img2	1	1
NifU	1	1
Lge1	1	1
TMEM70	1	1
TMEM71	1	1
TMEM72	1	1
Tcp10_C	1	1
Telethonin	1	1
PADR1	1	1
DUF2003	1	1
Tuberin	1	1
Mon2_C	1	1
Med25_SD1	1	1
BAGE	1	1
ECM1	1	1
Ribosomal_L36e	1	1
Coatamer_beta_C	1	1
Glyco_hydro_2_C	1	1
Glyco_hydro_2_N	1	1
Nucleolin_bd	1	1
Cyto_heme_lyase	1	1
CATSPERG	1	1
CATSPERB	1	1
TPR_MLP1_2	1	1
DUF4519	1	1
BCMA-Tall_bind	1	1
DUF4513	1	1
DUF4514	1	1
DUF4516	1	1
DUF4517	1	1
CIAPIN1	1	1
Frtz	1	1
CD24	1	1
Shikimate_DH	1	1
SAGA-Tad1	1	1
Nup160	1	1
Succ_DH_flav_C	1	1
APC_u5	1	1
Ribosomal_L21e	1	1
APC_u9	1	1
Renin_r	1	1
Ribosomal_L21p	1	1
Myelin-PO_C	1	1
Spatacsin_C	1	1
DDA1	1	1
INCENP_N	1	1
Ribosomal_L50	1	1
DUF382	1	1
Nup35_RRM	1	1
FancD2	1	1
Vps35	1	1
INPP5B_PH	1	1
MVP_shoulder	1	1
TMEM234	1	1
TMEM237	1	1
Ribosomal_L5e	1	1
TMEM232	1	1
CNOT1_HEAT	1	1
NCU-G1	1	1
CTU2	1	1
NADH-G_4Fe-4S_3	1	1
IATP	1	1
AlaDh_PNT_C	1	1
RBP_receptor	1	1
RPAP2_Rtr1	1	1
Mannosyl_trans2	1	1
CNOT1_CAF1_bind	1	1
Tau95	1	1
UPF0524	1	1
ApoB100_C	1	1
BLOC1S3	1	1
DUF4748	1	1
DUF4745	1	1
U1snRNP70_N	1	1
SANTA	1	1
CXCL17	1	1
Consortin_C	1	1
UPF0160	1	1
Med26_C	1	1
BROMI	1	1
SPO22	1	1
UnbV_ASPIC	1	1
RanGAP1_C	1	1
CX9C	1	1
DUF4655	1	1
PC4	1	1
SGIII	1	1
Glyco_hydro_65m	1	1
Tti2	1	1
TMEM18	1	1
Joubert	1	1
Inhibitor_I9	1	1
ACPS	1	1
SARA	1	1
SARG	1	1
TBCA	1	1
Helicase_C_3	1	1
DUF2043	1	1
p31comet	1	1
Vps8	1	1
RicinB_lectin_2	1	1
Dpoe2NT	1	1
DUF2028	1	1
CBFB_NFYA	1	1
UPF0061	1	1
UPF0066	1	1
ZFYVE21_C	1	1
Complex1_49kDa	1	1
Ribosomal_S3_C	1	1
Alpha-2-MRAP_C	1	1
Alpha-2-MRAP_N	1	1
Noggin	1	1
Bim_N	1	1
DUF4688	1	1
DUF4689	1	1
DUF4680	1	1
DUF4681	1	1
DUF4684	1	1
DUF4686	1	1
DUF4687	1	1
MIEAP	1	1
Tower	1	1
SLD5_C	1	1
UN_NPL4	1	1
Dynactin_p22	1	1
SPT2	1	1
RHINO	1	1
EXOSC1	1	1
Myb_DNA-bind_2	1	1
Peptidase_M50	1	1
STAT1_TAZ2bind	1	1
LINES_N	1	1
LINES_C	1	1
BST2	1	1
Exo70	1	1
Per1	1	1
UPF0489	1	1
DUF4532	1	1
DUF4531	1	1
DUF4536	1	1
DUF4534	1	1
DUF4538	1	1
DUF4539	1	1
Surfac_D-trimer	1	1
FANCF	1	1
Mit_proteolip	1	1
GMP_synt_C	1	1
Mito_morph_reg	1	1
DUF4821	1	1
Nefa_Nip30_N	1	1
Btz	1	1
CRIM	1	1
Proho_convert	1	1
FSA_C	1	1
PYNP_C	1	1
RNA_pol_Rpb5_C	1	1
Nic96	1	1
RNA_pol_Rpb5_N	1	1
Prog_receptor	1	1
THOC2_N	1	1
Casein_kappa	1	1
PH_TFIIH	1	1
Tmem26	1	1
NAGLU_C	1	1
NAGLU_N	1	1
CAF1-p150_C2	1	1
HPS3_Mid	1	1
UFC1	1	1
Defensin_big	1	1
PI31_Prot_C	1	1
MmgE_PrpD	1	1
INCA1	1	1
DUF3730	1	1
Ribosomal_L9_N	1	1
CENP-B_dimeris	1	1
Memo	1	1
MRP-L47	1	1
MRP-L46	1	1
AFG1_ATPase	1	1
MIF4G_like_2	1	1
MAP65_ASE1	1	1
GARS_C	1	1
GARS_A	1	1
TMA7	1	1
Ubiq_cyt_C_chap	1	1
Zn_dep_PLPC	1	1
UDPG_MGDP_dh_N	1	1
IL6	1	1
MR_MLE_C	1	1
IL5	1	1
IL2	1	1
IL3	1	1
Mpp10	1	1
BIRC6	1	1
NPL4	1	1
AIB	1	1
Edc3_linker	1	1
TMEM37	1	1
Ndc1_Nup	1	1
CGI-121	1	1
IGF2_C	1	1
MEA1	1	1
Fra10Ac1	1	1
Foie-gras_1	1	1
Apyrase	1	1
ECSIT_C	1	1
PARM	1	1
SbcCD_C	1	1
Tyr-DNA_phospho	1	1
SRP-alpha_N	1	1
Radical_SAM_C	1	1
Ribophorin_I	1	1
Uso1_p115_head	1	1
COMMD1_N	1	1
Spp-24	1	1
DUF2367	1	1
DUF3314	1	1
PLAC9	1	1
HAUS4	1	1
HAUS5	1	1
HAUS2	1	1
MAP2_projctn	1	1
Metallophos_C	1	1
DUF938	1	1
Metallophos_2	1	1
PMT_2	1	1
Ocnus	1	1
SRTM1	1	1
tRNA_bind_2	1	1
SUV3_C	1	1
Coiled-coil_56	1	1
TMEM169	1	1
zf-TRM13_CCCH	1	1
DcpS	1	1
Helicase_RecD	1	1
DUF4339	1	1
NIF3	1	1
MgsA_C	1	1
Pyridox_oxase_2	1	1
RICTOR_V	1	1
SEEEED	1	1
RICTOR_M	1	1
RICTOR_N	1	1
ALS2CR8	1	1
ERCC3_RAD25_C	1	1
Es2	1	1
Bud13	1	1
DUF4801	1	1
ODR4-like	1	1
NosD	1	1
N_Asn_amidohyd	1	1
FXR_C3	1	1
DUF4693	1	1
HD_4	1	1
HD_3	1	1
CDRT4	1	1
cwf18	1	1
ATP-synt_F	1	1
Rib_recp_KP_reg	1	1
DRIM	1	1
NtA	1	1
LEAP-2	1	1
Ala_racemase_N	1	1
Cob_adeno_trans	1	1
Spc24	1	1
RAC_head	1	1
zf-NOSIP	1	1
DUF3128	1	1
Cript	1	1
UPF0561	1	1
UPF0565	1	1
zf-RING_10	1	1
BRCA-2_helical	1	1
Prefoldin_3	1	1
IML1	1	1
Flavoprotein	1	1
DUF3437	1	1
DUF3432	1	1
GCIP	1	1
SE	1	1
DUF4477	1	1
DUF4476	1	1
DUF4472	1	1
DUF4471	1	1
DUF4470	1	1
PPARgamma_N	1	1
SR-25	1	1
ARS2	1	1
hNIFK_binding	1	1
Skp1	1	1
PGI	1	1
BDV_P40	1	1
5HT_transport_N	1	1
SCIMP	1	1
V-set_CD47	1	1
COX2	1	1
NADH_dhqG_C	1	1
BcrAD_BadFG	1	1
SMC_Nse1	1	1
PXT1	1	1
PMI_typeI	1	1
SmAKAP	1	1
Rer1	1	1
HCNGP	1	1
CO_dh	1	1
GSAP-16	1	1
SF3A2	1	1
SF3A3	1	1
FTO_NTD	1	1
ATP-synt_E	1	1
ATP-synt_D	1	1
DeoC	1	1
ATP-synt_A	1	1
ROKNT	1	1
BP28CT	1	1
ALG11_N	1	1
Arginosuc_synth	1	1
SPT6_acidic	1	1
IIGP	1	1
Tnp_zf-ribbon_2	1	1
DUF3337	1	1
IL17R_D_N	1	1
P34-Arc	1	1
DUF2428	1	1
INSC_LBD	1	1
Kri1_C	1	1
UPF1_Zn_bind	1	1
BASP1	1	1
Rif1_N	1	1
Hamartin	1	1
DUF4648	1	1
DUF4644	1	1
DUF4645	1	1
DUF4647	1	1
DUF4640	1	1
DUF4642	1	1
DUF4643	1	1
Ipi1_N	1	1
MGAT2	1	1
Myb_Cef	1	1
SIN1	1	1
Zw10	1	1
Glycos_trans_3N	1	1
HemN_C	1	1
Ig_Tie2_1	1	1
SoxG	1	1
PNK3P	1	1
Ribosomal_L27e	1	1
Nup188	1	1
RRP7	1	1
Microcephalin	1	1
TIMELESS_C	1	1
DUF367	1	1
GatB_N	1	1
NUSAP	1	1
CEP19	1	1
MEF2_binding	1	1
Ten1_2	1	1
CiPC	1	1
SOSSC	1	1
CutC	1	1
TRM13	1	1
DBR1	1	1
UPF0767	1	1
UPF0547	1	1
UPF0542	1	1
TSLP	1	1
Esterase	1	1
DCP2	1	1
CXCR4_N	1	1
NFRKB_winged	1	1
DUF3453	1	1
DUF3459	1	1
Mei5	1	1
Mei4	1	1
efThoc1	1	1
OAF	1	1
DUF4455	1	1
DUF4456	1	1
zf-CHY	1	1
FAM165	1	1
Apt1	1	1
TFIIF_alpha	1	1
SRP_TPR_like	1	1
COG7	1	1
COG6	1	1
COG5	1	1
COG4	1	1
Geminin	1	1
DJ-1_PfpI	1	1
DUF1682	1	1
BBS2_Mid	1	1
Nbl1_Borealin_N	1	1
RNF220	1	1
Alveol-reg_P311	1	1
H-K_ATPase_N	1	1
HRCT1	1	1
Ebp2	1	1
Synaptonemal_3	1	1
Ser_hydrolase	1	1
AA_kinase	1	1
Cluap1	1	1
Ribonuc_P_40	1	1
Spt20	1	1
Bcl-2_BAD	1	1
Cu-oxidase_4	1	1
HAUS-augmin3	1	1
DERM	1	1
Molybdopterin	1	1
WASH_WAHD	1	1
TRAP-gamma	1	1
TK	1	1
DUF2448	1	1
AD	1	1
Miff	1	1
KCNQ2_u3	1	1
AKAP28	1	1
TALPID3	1	1
DAZAP2	1	1
PV-1	1	1
RsfS	1	1
Vta1	1	1
PGAP1	1	1
UBA2_C	1	1
Fmp27	1	1
MFAP1	1	1
DUF4662	1	1
DUF4663	1	1
DUF4660	1	1
DUF974	1	1
FANCM-MHF_bd	1	1
DUF4590	1	1
Ribosomal_S7e	1	1
DUF4597	1	1
DUF4598	1	1
PRR18	1	1
RNA_pol_Rpb6	1	1
ATP-synt_ab_Xtn	1	1
MSL1_dimer	1	1
TPK_B1_binding	1	1
4HBT_3	1	1
4HBT_2	1	1
IF3_N	1	1
Ribosomal_L29e	1	1
PAXNEB	1	1
IF3_C	1	1
PUMA	1	1
PQQ_2	1	1
CactinC_cactus	1	1
ribosomal_L24	1	1
Seipin	1	1
LIN37	1	1
EURL	1	1
ApoC-I	1	1
RNA_pol_N	1	1
SKIP_SNW	1	1
Rep_fac-A_C	1	1
Zn_ribbon_17	1	1
Rep_fac-A_3	1	1
zf-RRN7	1	1
CTNNBL	1	1
Pro-NT_NN	1	1
RAM	1	1
ATP-synt_DE_N	1	1
DUF2870	1	1
RNase_H2_suC	1	1
TCTP	1	1
Connexin43	1	1
EnY2	1	1
Dmrt1	1	1
HNF-1A_C	1	1
TIMELESS	1	1
MRP-L27	1	1
Peptidase_M48_N	1	1
MRP-L28	1	1
Sdh_cyt	1	1
Vezatin	1	1
ATP-cone	1	1
Methyltr_RsmF_N	1	1
PHF5	1	1
CHAT	1	1
Rad52_Rad22	1	1
CLP_protease	1	1
SMI1_KNR4	1	1
Spb1_C	1	1
PHTB1_N	1	1
RPOL_N	1	1
DUF4700	1	1
Med25_NR-box	1	1
BMP2K_C	1	1
NPFF	1	1
CR6_interact	1	1
zf-C2HC5	1	1
RNA_pol_Rpa2_4	1	1
TIP41	1	1
PMAIP1	1	1
Itfg2	1	1
DEPP	1	1
VKG_Carbox	1	1
KAAG1	1	1
YL1	1	1
CDC37_C	1	1
Laps	1	1
DUF4601	1	1
DUF4602	1	1
DUF4603	1	1
DUF4604	1	1
DUF4606	1	1
DUF4607	1	1
DUF4609	1	1
Glyco_transf_17	1	1
Malectin	1	1
DUF2462	1	1
Ribosomal_S16	1	1
DUF953	1	1
Ribosomal_S19	1	1
Hepcidin	1	1
Dna2	1	1
E3_UbLigase_R4	1	1
IspD	1	1
BCAS2	1	1
BCAS3	1	1
zf-C3HC4_5	1	1
hGDE_N	1	1
TAF8_C	1	1
DFF40	1	1
Colipase_C	1	1
Kin17_mid	1	1
Herpes_UL52	1	1
Ribonuc_L-PSP	1	1
LOH1CR12	1	1
OMPdecase	1	1
SH2_2	1	1
UPF0728	1	1
Auto_anti-p27	1	1
Codanin-1_C	1	1
VGPC1_C	1	1
B5	1	1
LCE6A	1	1
FAD_binding_2	1	1
DWNN	1	1
ATP_bind_3	1	1
ROK	1	1
CSF-1	1	1
Cgr1	1	1
PTCRA	1	1
GCSF	1	1
NopRA1	1	1
CCDC106	1	1
TSKS	1	1
Afaf	1	1
ARL6IP6	1	1
Oest_recep	1	1
PRP1_N	1	1
Nbs1_C	1	1
GTPase_binding	1	1
DUF4149	1	1
CNDH2_M	1	1
CNDH2_N	1	1
Nup54	1	1
AIF-MLS	1	1
Pex26	1	1
ORC2	1	1
DUF1466	1	1
Glyco_hydro_85	1	1
FSH1	1	1
PNPase	1	1
NCBP3	1	1
Tom7	1	1
RED_N	1	1
RNA_bind	1	1
RED_C	1	1
AIG2_2	1	1
Man-6-P_recep	1	1
Apelin	1	1
LAP2alpha	1	1
IFN-gamma	1	1
NYN	1	1
p53-inducible11	1	1
Stonin2_N	1	1
CFTR_R	1	1
PNISR	1	1
DNMT1-RFD	1	1
Ribosomal_S3Ae	1	1
UNC-79	1	1
TTKRSYEDQ	1	1
SOBP	1	1
UAE_UbL	1	1
MazG	1	1
INTS5_C	1	1
INTS5_N	1	1
KOG2701	1	1
MRP-S26	1	1
MRP-S27	1	1
MRP-S24	1	1
MRP-S22	1	1
MRP-S23	1	1
MRP-S28	1	1
HPHLAWLY	1	1
SCNM1_acidic	1	1
DUF3535	1	1
UPF0444	1	1
UPF0449	1	1
DUF4628	1	1
DUF4629	1	1
Ribosomal_S30	1	1
DUF4620	1	1
CAF-1_p150	1	1
AP3D1	1	1
DUF3752	1	1
Vps36_ESCRT-II	1	1
DUF3754	1	1
Caskin1-CID	1	1
Asparaginase	1	1
CDC45	1	1
DUF4147	1	1
ELYS	1	1
ADAM17_MPD	1	1
Myc_target_1	1	1
XendoU	1	1
Rabaptin	1	1
CCDC71L	1	1
Telomere_reg-2	1	1
Pol_alpha_B_N	1	1
PDDEXK_1	1	1
CYYR1	1	1
Hid1	1	1
DUF1077	1	1
THOC7	1	1
PNPOx_C	1	1
PHF12_MRG_bd	1	1
Barttin	1	1
DLD	1	1
GTP_cyclohydroI	1	1
Pet191_N	1	1
mRNA_cap_enzyme	1	1
Rab3-GTPase_cat	1	1
BLOC1_2	1	1
NRBF2_MIT	1	1
Sarcolipin	1	1
PTS_2-RNA	1	1
Cytochrom_C1	1	1
ORC4_C	1	1
RMP	1	1
ATP-grasp_4	1	1
UCR_UQCRX_QCR9	1	1
Transcrip_act	1	1
Mesd	1	1
PEX-2N	1	1
DUF2340	1	1
STAT2_C	1	1
Hormone_6	1	1
Folliculin	1	1
REC114-like	1	1
SVIP	1	1
DUF4678	1	1
RNase_H2-Ydr279	1	1
Mt_ATP-synt_B	1	1
Propeptide_C1	1	1
Rhodanese_C	1	1
Mlh1_C	1	1
Transcrip_reg	1	1
zf-RAG1	1	1
U5_2-snRNA_bdg	1	1
Gemin6	1	1
Gemin7	1	1
DUF1445	1	1
SBP56	1	1
PAXX	1	1
Eapp_C	1	1
Chon_Sulph_att	1	1
IL4Ra_N	1	1
Voldacs	1	1
Telomerase_RBD	1	1
zf-FPG_IleRS	1	1
MLIP	1	1
Carb_kinase	1	1
TRAUB	1	1
SAD_SRA	1	1
ADIP	1	1
Headcase	1	1
Flot	1	1
UPF0688	1	1
NRBF2	1	1
Dynein_attach_N	1	1
Glutenin_hmw	1	1
DUF3510	1	1
TMEM154	1	1
TMEM156	1	1
UTP25	1	1
Med29	1	1
Med28	1	1
Med21	1	1
Med20	1	1
Med23	1	1
Med27	1	1
Doppel	1	1
Nop10p	1	1
Nup_retrotrp_bd	1	1
Dendrin	1	1
Vert_IL3-reg_TF	1	1
DUF4207	1	1
DUF4209	1	1
Coilin_N	1	1
Ist1	1	1
SRP40_C	1	1
HECT_2	1	1
MAT1	1	1
PTE	1	1
TFIIIC_delta	1	1
Elf1	1	1
Ribosomal_L18A	1	1
Peptidase_C1_2	1	1
M16C_assoc	1	1
POT1	1	1
Osteoregulin	1	1
TEA	1	1
RNase_P_p30	1	1
ISET-FN3_linker	1	1
TEX33	1	1
SP_C-Propep	1	1
Microtub_bind	1	1
zf-DNL	1	1
Pirin	1	1
MMS22L_C	1	1
DUF726	1	1
DUF727	1	1
Ribophorin_II	1	1
Sgf11	1	1
MMS22L_N	1	1
DUF2360	1	1
DUF2363	1	1
DUF2362	1	1
DUF2365	1	1
DUF2366	1	1
DUF2369	1	1
DUF2368	1	1
PIF1	1	1
Ribosomal_L37e	1	1
Tex_YqgF	1	1
ATP_synth_reg	1	1
CENP-F_N	1	1
CCDC142	1	1
Fer2_3	1	1
Fer2_4	1	1
SMG1	1	1
OHCU_decarbox	1	1
SYS1	1	1
Nt_Gln_amidase	1	1
CPSF73-100_C	1	1
OCRL_clath_bd	1	1
Hydantoinase_B	1	1
Papilin_u7	1	1
Hydantoinase_A	1	1
rRNA_processing	1	1
SAP25	1	1
POPLD	1	1
RNase_HII	1	1
AHSA1	1	1
Ribonuc_red_lgN	1	1
Ribonuc_red_lgC	1	1
Ax_dynein_light	1	1
Wtap	1	1
TFIIF_beta	1	1
DUF1604	1	1
DBINO	1	1
NodS	1	1
DUF4577	1	1
CCD48	1	1
GEMIN8	1	1
Ribosomal_S17_N	1	1
UcrQ	1	1
Hemerythrin	1	1
Dynamitin	1	1
TRADD_N	1	1
NRDE-2	1	1
RNA_pol_I_A49	1	1
MMS19_N	1	1
MMS19_C	1	1
Aha1_N	1	1
Asp_Glu_race_2	1	1
NupH_GANP	1	1
UPF0669	1	1
Peptidase_S9_N	1	1
DFF-C	1	1
RGCC	1	1
Transthyretin	1	1
Bac_surface_Ag	1	1
TMEM174	1	1
TMEM173	1	1
TMEM171	1	1
RPAP1_C	1	1
RPAP1_N	1	1
Thrombin_light	1	1
WT1	1	1
SANT_DAMP1_like	1	1
PolyA_pol	1	1
Peptidase_M18	1	1
SRR1	1	1
MYCBPAP	1	1
RMI1_C	1	1
HnRNP_M	1	1
Cohesin_load	1	1
Acyl_CoA_thio	1	1
P33MONOX	1	1
STAT6_C	1	1
NADH_oxidored	1	1
UCR_TM	1	1
Lyase_aromatic	1	1
LIME1	1	1
BRAP2	1	1
AIMP2_LysRS_bd	1	1
DS	1	1
Nrf1_DNA-bind	1	1
GN3L_Grn1	1	1
RtcB	1	1
NatB_MDM20	1	1
HMG-CoA_red	1	1
Rhodopsin_N	1	1
Sod_Fe_N	1	1
DHH	1	1
Sod_Fe_C	1	1
hGDE_central	1	1
Transglut_core2	1	1
DoxX	1	1
RNA_polI_A34	1	1
CLLAC	1	1
DUF747	1	1
ApoA-II	1	1
Rad10	1	1
PPP1R32	1	1
Gryzun	1	1
IPP-2	1	1
Ribosomal_L35p	1	1
CC190	1	1
FANCI_S1	1	1
Sec61_beta	1	1
zf-CCCH_3	1	1
Sec62	1	1
ATG11	1	1
ATG13	1	1
NYD-SP28_assoc	1	1
MHC2-interact	1	1
Rpp20	1	1
CTP_transf_3	1	1
MnmE_helical	1	1
Retinal	1	1
Radial_spoke_3	1	1
Tmemb_40	1	1
Band_7_C	1	1
ERp29	1	1
IL12	1	1
IL15	1	1
DUF1620	1	1
ATP-synt_ab_C	1	1
HBS1_N	1	1
RPA_interact_N	1	1
RPA_interact_M	1	1
Neurochondrin	1	1
FANCI_HD2	1	1
FANCI_HD1	1	1
AP-5_subunit_s1	1	1
RPA_interact_C	1	1
BLM_N	1	1
Pyridox_oxidase	1	1
RTTN_N	1	1
USP8_interact	1	1
PMSR	1	1
UPF0640	1	1
BAMBI	1	1
FACT-Spt16_Nlob	1	1
Methyltransf_28	1	1
CCDC66	1	1
TMEM119	1	1
TMEM117	1	1
CABS1	1	1
Endonuclease_5	1	1
YAF2_RYBP	1	1
DNA_primase_S	1	1
CDC27	1	1
TMEM43	1	1
LIN52	1	1
DUF4796	1	1
BLM10_mid	1	1
RRF	1	1
Amelotin	1	1
BCOR	1	1
zf-LYAR	1	1
Det1	1	1
Ndufs5	1	1
DAP10	1	1
DUF1014	1	1
FPL	1	1
EVC2_like	1	1
CTC1	1	1
TAN	1	1
TRIQK	1	1
Tristanin_u2	1	1
Oxidored_molyb	1	1
GalP_UDP_tr_C	1	1
DUF108	1	1
POP1	1	1
IL11	1	1
IL13	1	1
53-BP1_Tudor	1	1
DUF766	1	1
Peptidase_C50	1	1
PIG-L	1	1
PCNA_N	1	1
TIM21	1	1
PCNA_C	1	1
eIF3_subunit	1	1
MMACHC	1	1
LIAS_N	1	1
MHCassoc_trimer	1	1
TPIP1	1	1
AP1AR	1	1
NUC173	1	1
DUF836	1	1
LTV	1	1
DUF2012	1	1
LBR_tudor	1	1
DUF4499	1	1
DUF4498	1	1
ESR1_C	1	1
DUF4495	1	1
DUF4497	1	1
DUF4496	1	1
NESP55	1	1
CAS_CSE1	1	1
AHSP	1	1
USP7_ICP0_bdg	1	1
Fmp27_GFWDK	1	1
PP28	1	1
MREG	1	1
IL34	1	1
IL32	1	1
IL33	1	1
IL31	1	1
Raptor_N	1	1
Atx10homo_assoc	1	1
DUF167	1	1
Cid2	1	1
AZUL	1	1
KRTDAP	1	1
DoxX_2	1	1
Dexa_ind	1	1
Med25_VWA	1	1
DUF4591	1	1
ATP-synt	1	1
Pep3_Vps18	1	1
MoeA_C	1	1
SRP_SPB	1	1
MoeA_N	1	1
XLF	1	1
COX6C	1	1
ER	1	1
DUF2152	1	1
DUF2151	1	1
Symplekin_C	1	1
Mcm10	1	1
UPF0193	1	1
TMEM138	1	1
UPF0197	1	1
INTAP	1	1
C5-epim_C	1	1
E2_bind	1	1
Pep_deformylase	1	1
Cupin_2	1	1
Cupin_4	1	1
UNC80	1	1
FoP_duplication	1	1
Upf2	1	1
Ufm1	1	1
USP7_C2	1	1
MPDZ_u10	1	1
FIBP	1	1
VIR_N	1	1
CLN6	1	1
CLN5	1	1
CPSF100_C	1	1
Rsm22	1	1
NPM1-C	1	1
SPESP1	1	1
Utp21	1	1
SF3b1	1	1
Nop25	1	1
MoaE	1	1
WASH-7_N	1	1
Acetyltransf_3	1	1
WASH-7_C	1	1
E3_UbLigase_EDD	1	1
LAMTOR5	1	1
MEIOC	1	1
Troponin-I_N	1	1
Tup_N	1	1
TPX2_importin	1	1
Tme5_EGF_like	1	1
DUF788	1	1
DUF781	1	1
CholecysA-Rec_N	1	1
Pterin_bind	1	1
DUF3695	1	1
C1_2	1	1
Ribosomal_L31e	1	1
Oxidored_q6	1	1
Oxidored_q3	1	1
NUC194	1	1
Ribosomal_S8	1	1
Ribosomal_S4	1	1
Ribosomal_S6	1	1
FDC-SP	1	1
QRPTase_N	1	1
S6OS1	1	1
QRPTase_C	1	1
NADH_B2	1	1
ANAPC15	1	1
Sec20	1	1
CAML	1	1
SF3b10	1	1
PARG_cat	1	1
Thioredox_DsbH	1	1
SPC22	1	1
tRNA_synt_1c_R1	1	1
SPC25	1	1
tRNA_synt_1c_R2	1	1
Cytochrom_C	1	1
STIL_N	1	1
PROCN	1	1
SRP14	1	1
PROCT	1	1
SRP19	1	1
CAGE1	1	1
TFIIA_gamma_C	1	1
TFIIA_gamma_N	1	1
UXS1_N	1	1
RNase_H	1	1
BCS1_N	1	1
FAM91_N	1	1
FAM91_C	1	1
Mitoc_L55	1	1
WAPL	1	1
MAPKK1_Int	1	1
DCAF15_WD40	1	1
CCDC23	1	1
CCDC24	1	1
MIS13	1	1
Fer4_6	1	1
Fer4_7	1	1
Fer4_8	1	1
Fer4_9	1	1
CDKN3	1	1
Maf	1	1
MCM_bind	1	1
Plus-3	1	1
Prion_bPrPp	1	1
TMCCDC2	1	1
Vps16_N	1	1
ArgK	1	1
OGG_N	1	1
BPL_LplA_LipB	1	1
MOFRL	1	1
Ysc84	1	1
EIF4E-T	1	1
Biliv-reduc_cat	1	1
WRW	1	1
Med1	1	1
Med6	1	1
Med7	1	1
Med4	1	1
Med8	1	1
Med9	1	1
U6-snRNA_bdg	1	1
Colipase-like	1	1
PAE	1	1
PAF	1	1
MTABC_N	1	1
Nicastrin	1	1
DMAP1	1	1
DPCD	1	1
TMEM89	1	1
TMEM82	1	1
BPL_C	1	1
NDUFV3	1	1
LEP503	1	1
GGN	1	1
SNN_transmemb	1	1
DFP	1	1
TAF1D	1	1
MTBP_mid	1	1
DUF410	1	1
Coatomer_b_Cpla	1	1
Mut7-C	1	1
EI24	1	1
Peptidase_C15	1	1
Gpi1	1	1
Shugoshin_N	1	1
Nuc_deoxyrib_tr	1	1
Mo-co_dimer	1	1
PRCC	1	1
Neuromodulin	1	1
DUF2054	1	1
DUF2053	1	1
DUF2052	1	1
DUF3677	1	1
CAF1A	1	1
IFT57	1	1
GMAP	1	1
TAP42	1	1
Nup96	1	1
NOB1_Zn_bind	1	1
GLE1	1	1
Endomucin	1	1
JUPITER	1	1
DUF4547	1	1
DUF4545	1	1
DUF4543	1	1
DUF4542	1	1
DUF4541	1	1
DUF4540	1	1
DUF4548	1	1
PAS_8	1	1
PRP8_domainIV	1	1
TP53IP5	1	1
RFC1	1	1
zf-C4H2	1	1
Osteopontin	1	1
SRP72	1	1
DHHA1	1	1
HGTP_anticodon2	1	1
RNA_pol_Rpb1_6	1	1
RNA_pol_Rpb1_7	1	1
PAPS_reduct	1	1
DUF1241	1	1
Snurportin1	1	1
TMEM240	1	1
Pro-kuma_activ	1	1
UMP1	1	1
Gryzun-like	1	1
FTO_CTD	1	1
Nbas_N	1	1
Maf1	1	1
WD40_alt	1	1
GAPT	1	1
C9orf72-like	1	1
N2227	1	1
Vac14_Fig4_bd	1	1
Ost4	1	1
CARM1	1	1
KAsynt_C_assoc	1	1
tRNA_Me_trans	1	1
MIIP	1	1
FAM220	1	1
DOT1	1	1
BDHCT_assoc	1	1
BCIP	1	1
DUF4042	1	1
DUF4735	1	1
DUF4730	1	1
DUF4731	1	1
DUF4732	1	1
DUF4733	1	1
ATXN-1_C	1	1
PNTB	1	1
Neuromodulin_N	1	1
zinc_ribbon_10	1	1
zinc_ribbon_16	1	1
VitD-bind_III	1	1
DPM3	1	1
DPM2	1	1
TAFII28	1	1
Ribosomal_L5	1	1
TYW3	1	1
Zf_RING	1	1
DUF1744	1	1
DUF1741	1	1
Androgen_recep	1	1
SPATA24	1	1
SPATA25	1	1
ADP_PFK_GK	1	1
Urocanase	1	1
GAS	1	1
GAD	1	1
PRP21_like_P	1	1
Ham1p_like	1	1
Pescadillo_N	1	1
Amidohydro_3	1	1
Amidohydro_2	1	1
MMADHC	1	1
KHA	1	1
BHD_2	1	1
BHD_3	1	1
BHD_1	1	1
Nucleic_acid_bd	1	1
PRAS	1	1
GCV_H	1	1
DUF4615	1	1
FANCD2OS	1	1
OFCC1	1	1
UPF0121	1	1
DUF3381	1	1
DUF3384	1	1
DUF3385	1	1
Hepsin-SRCR	1	1
DUF3652	1	1
SUFU_C	1	1
Clp1	1	1
Tsc35	1	1
DUF4561	1	1
DUF4562	1	1
DUF4564	1	1
DUF4566	1	1
DUF4569	1	1
DUF4568	1	1
KcnmB2_inactiv	1	1
Neurokinin_B	1	1
CDC37_N	1	1
TMF_DNA_bd	1	1
NAD_synthase	1	1
Hep_59	1	1
CD52	1	1
AAR2	1	1
SRAP	1	1
TERF2_RBM	1	1
Neil1-DNA_bind	1	1
Gastrin	1	1
MIT_C	1	1
UPF0086	1	1
ARGLU	1	1
FbpA	1	1
SPATA9	1	1
SRA1	1	1
SPATA3	1	1
Keratin_2_tail	1	1
Treacle	1	1
KAP_NTPase	1	1
SpoIIE	1	1
Cse1	1	1
IL12p40_C	1	1
Slu7	1	1
CHB_HEX_C_1	1	1
COPI_C	1	1
Mcl1_mid	1	1
Rb_C	1	1
DUF608	1	1
Transposase_22	1	1
TTD	1	1
Transposase_1	1	1
SelP_C	1	1
GDC-P	1	1
SelP_N	1	1
TMEM190	1	1
TMEM192	1	1
Fer4_17	1	1
RNA_pol_Rpc4	1	1
Nfu_N	1	1
MIOX	1	1
Tex_N	1	1
TFIID_30kDa	1	1
NGP1NT	1	1
GM_CSF	1	1
SQHop_cyclase_N	1	1
SQHop_cyclase_C	1	1
Exo84_C	1	1
RNA_pol_Rbc25	1	1
DUF4715	1	1
DUF4712	1	1
DUF4710	1	1
DUF4711	1	1
UPF0203	1	1
DUF4718	1	1
DUF4719	1	1
AATF-Che1	1	1
EIF_2_alpha	1	1
PPR_1	1	1
Rab_eff_C	1	1
Spem1	1	1
Paf1	1	1
UTP15_C	1	1
Ribosomal_L14e	1	1
Focadhesin	1	1
RNA_ligase	1	1
Gcd10p	1	1
DUF1891	1	1
DUF1725	1	1
DUF1726	1	1
RPN13_C	1	1
Methyltransf_8	1	1
Methyltransf_4	1	1
Methyltransf_5	1	1
SAF	1	1
DDE_Tnp_4	1	1
Mog1	1	1
Romo1	1	1
VAD1-2	1	1
CHZ	1	1
TBPIP	1	1
dbPDZ_assoc	1	1
D123	1	1
TMEM40	1	1
TDRP	1	1
PIRT	1	1
L27_N	1	1
GCS	1	1
GCR	1	1
DUF2013	1	1
CBAH	1	1
HIRAN	1	1
Uroplakin_II	1	1
UPF0054	1	1
SSTK-IP	1	1
KASH_CCD	1	1
SelK_SelG	1	1
ELYS-bb	1	1
RabGGT_insert	1	1
Spt4	1	1
SART-1	1	1
PHTB1_C	1	1
STAR_dimer	1	1
RAG1_imp_bd	1	1
DUF3635	1	1
JCAD	1	1
GMC_oxred_C	1	1
CID_GANP	1	1
Sec8_exocyst	1	1
GMC_oxred_N	1	1
Harakiri	1	1
HNH_3	1	1
Coprogen_oxidas	1	1
CathepsinC_exc	1	1
DUF4508	1	1
DUF4503	1	1
DUF4502	1	1
DUF4501	1	1
DUF4500	1	1
DUF4507	1	1
DUF4506	1	1
DUF4505	1	1
DUF4504	1	1
Urm1	1	1
Spt5_N	1	1
DUF4518	1	1
TRAPPC-Trs85	1	1
DUF4512	1	1
COBRA1	1	1
Shugoshin_C	1	1
PRMT5	1	1
VEGF_C	1	1
LepA_C	1	1
Jiraiya	1	1
IFNGR1	1	1
FAA_hydrolase_N	1	1
Golgin_A5	1	1
GFRP	1	1
Ribosomal_L28	1	1
Ribosomal_L29	1	1
Ribosomal_L27	1	1
Ribosomal_L20	1	1
BBIP10	1	1
SCAPER_N	1	1
TMEM206	1	1
NUFIP1	1	1
DUF2228	1	1
KIAA1328	1	1
CNOT1_TTP_bind	1	1
NUP50	1	1
RICTOR_phospho	1	1
SF3a60_bindingd	1	1
Proteasom_Rpn13	1	1
L27_1	1	1
AKAP7_RIRII_bdg	1	1
Nup35_RRM_2	1	1
Sushi_2	1	1
RINT1_TIP1	1	1
PP1c_bdg	1	1
DUF4772	1	1
Clathrin-link	1	1
HTH_40	1	1
HTH_44	1	1
PYC_OADA	1	1
Spec3	1	1
Ribosomal_L18_c	1	1
DDRGK	1	1
DUF4196	1	1
Nup84_Nup100	1	1
LSM_int_assoc	1	1
ANXA2R	1	1
SCF	1	1
Tfb4	1	1
Tfb5	1	1
OSTbeta	1	1
QIL1	1	1
TMEM65	1	1
TMEM61	1	1
Ocular_alb	1	1
DNA_ligase_IV	1	1
CENP-C_C	1	1
Cyclin_N2	1	1
SAM_decarbox	1	1
Prolactin_RP	1	1
Adipogenin	1	1
DUF2036	1	1
BRE	1	1
CYSTM	1	1
RNA_helicase	1	1
Rsm1	1	1
MNR	1	1
Sua5_yciO_yrdC	1	1
DUF4699	1	1
DUF4698	1	1
DUF4691	1	1
DUF4690	1	1
DUF4696	1	1
DUF4347	1	1
Erg28	1	1
NPR2	1	1
NPR3	1	1
BRCA-2_OB3	1	1
BRCA-2_OB1	1	1
NTP_transferase	1	1
Spexin	1	1
Peptidase_M23	1	1
PRKCSH-like	1	1
TANGO2	1	1
DUF4524	1	1
DUF4527	1	1
DUF4521	1	1
DUF4520	1	1
DUF4523	1	1
DUF4522	1	1
DUF4529	1	1
DUF4528	1	1
WGG	1	1
CCDC-167	1	1
Dermcidin	1	1
HgmA	1	1
HAUS6_N	1	1
Catalase-rel	1	1
NuA4	1	1
B-block_TFIIIC	1	1
CEP44	1	1
Ig_J_chain	1	1
Ribosomal_L41	1	1
TSC21	1	1
DUF647	1	1
Paf67	1	1
TMEM223	1	1
TMEM220	1	1
UBZ_FAAP20	1	1
Involucrin_N	1	1
PHD20L1_u1	1	1
Pirin_C	1	1
Hat1_N	1	1
Thymidylat_synt	1	1
TP2	1	1
TP1	1	1
DUF2205	1	1
TPD	1	1
UPF0240	1	1
RFX5_DNA_bdg	1	1
LELP1	1	1
ACP_syn_III_C	1	1
DUF4750	1	1
SYF2	1	1
Syncollin	1	1
zf-C4_Topoisom	1	1
AP_endonuc_2	1	1
CReP_N	1	1
SAP130_C	1	1
ENT	1	1
Phospholamban	1	1
HVSL	1	1
RelB_transactiv	1	1
WD-3	1	1
PhzC-PhzF	1	1
Kisspeptin	1	1
PTPRCAP	1	1
SASA	1	1
APC_u14	1	1
APC_u15	1	1
APC_u13	1	1
GnHR_trans	1	1
KH_2	1	1
VOMI	1	1
Glyco_hydro_59	1	1
NPAT_C	1	1
Peptidase_C98	1	1
DUF1325	1	1
Mem_trans	1	1
Glyco_hydro_39	1	1
Fis1_TPR_C	1	1
Pinin_SDK_memA	1	1
UPF0139	1	1
BC10	1	1
KBP_C	1	1
zf-RING-like	1	1
PPP4R2	1	1
NAGidase	1	1
PRP38_assoc	1	1
CWC25	1	1
Tnp_P_element	1	1
DUF959	1	1
PET117	1	1
Sas10	1	1
TOM_sub5	1	1
Lactamase_B_3	1	1
Rrp15p	1	1
DUF2039	1	1
AICARFT_IMPCHas	1	1
Sen15	1	1
THEG4	1	1
K_channel_TID	1	1
Jagunal	1	1
GIDA_assoc	1	1
TMEM239	1	1
Alpha-amylase	1	1
TMF_TATA_bd	1	1
TMEM238	1	1
Cnd3	1	1
Cnd2	1	1
CLP1_N	1	1
Peptidase_M49	1	1
Oscp1	1	1
Casc1_N	1	1
SHQ1	1	1
ALS2CR11	1	1
Caldesmon	1	1
Hydant_A_N	1	1
Hydin_ADK	1	1
LIDHydrolase	1	1
Aquarius_N	1	1
DUF4819	1	1
Nup153	1	1
Ribosomal_L6e	1	1
NOC3p	1	1
NmrA	1	1
ANAPC_CDC26	1	1
FANCI_S1-cap	1	1
NDUFB10	1	1
Epimerase_2	1	1
PKcGMP_CC	1	1
TP_methylase	1	1
CENP-R	1	1
CENP-Q	1	1
CENP-P	1	1
CENP-W	1	1
CENP-U	1	1
Mago-bind	1	1
CENP-X	1	1
zf-CpG_bind_C	1	1
CENP-K	1	1
CENP-I	1	1
CENP-H	1	1
CENP-M	1	1
CENP-L	1	1
DUF3429	1	1
TRH	1	1
UPF0515	1	1
Ribosomal_L37ae	1	1
FimP	1	1
MRP-L51	1	1
CENP_C_N	1	1
P21-Arc	1	1
CAF-1_p60_C	1	1
UBA_5	1	1
RDD	1	1
RSRP	1	1
Iwr1	1	1
SGS	1	1
NTP_transf_3	1	1
Fe-ADH	1	1
PFU	1	1
Asn_synthase	1	1
FAM222A	1	1
RIC3	1	1
RIC1	1	1
DUF1308	1	1
SIP1	1	1
Tsg	1	1
DUF4695	1	1
NPF	1	1
NPP	1	1
Nucleoporin_FG2	1	1
Reductase_C	1	1
AMH_N	1	1
AROS	1	1
USP19_linker	1	1
Mic1	1	1
DUF2439	1	1
Avl9	1	1
LNP1	1	1
Rad4	1	1
CRM1_C	1	1
G10	1	1
Meckelin	1	1
Thg1C	1	1
Ecm29	1	1
FPN1	1	1
Limkain-b1	1	1
DUF4658	1	1
Glyco_transf_41	1	1
DUF4656	1	1
DUF4654	1	1
DUF4653	1	1
DUF4650	1	1
ANKH	1	1
Shadoo	1	1
InaF-motif	1	1
CK2S	1	1
HJURP_mid	1	1
URO-D	1	1
REV1_C	1	1
Fip1	1	1
Ribosomal_L35Ae	1	1
Pilt	1	1
Tmpp129	1	1
MM_CoA_mutase	1	1
Yop-YscD_cpl	1	1
Inos-1-P_synth	1	1
SCP-1	1	1
CCSMST1	1	1
ECSIT	1	1
JTB	1	1
Rgp1	1	1
bcl-2I13	1	1
Acetyltransf_CG	1	1
VGLL4	1	1
zf-trcl	1	1
CtaG_Cox11	1	1
SDA1	1	1
SMRP1	1	1
BrkDBD	1	1
Leptin	1	1
DSS1_SEM1	1	1
Neuropep_like	1	1
PapD-like	1	1
STN1_2	1	1
HMMR_N	1	1
DUF3441	1	1
DUF3449	1	1
RFXA_RFXANK_bdg	1	1
HMMR_C	1	1
DUF4464	1	1
DUF4460	1	1
DUF4461	1	1
NDUF_B7	1	1
NDUF_B6	1	1
NDUF_B5	1	1
NDUF_B4	1	1
VWA_N2	1	1
MYEOV2	1	1
CBM_48	1	1
FANCAA	1	1
MMtag	1	1
TUTF7_u4	1	1
EF1G	1	1
TFCD_C	1	1
NTPase_1	1	1
PigN	1	1
PAPA-1	1	1
ORC5_C	1	1
CCER1	1	1
Myc-LZ	1	1
Exo5	1	1
PBP_sp32	1	1
MWFE	1	1
CAP18_C	1	1
Leu_zip	1	1
RNA_pol_Rpc34	1	1
HpcH_HpaI	1	1
Cytochrom_B558a	1	1
NUC205	1	1
Sharpin_PH	1	1
NYD-SP12_N	1	1
DUF2452	1	1
DUF2451	1	1
Ribosomal_S6e	1	1
IPPT	1	1
DUF3583	1	1
Asp-B-Hydro_N	1	1
DUF4679	1	1
Glyco_transf_21	1	1
DUF4671	1	1
DUF4672	1	1
DUF4675	1	1
DUF4674	1	1
DUF4677	1	1
Las1	1	1
Tho2	1	1
DUF4581	1	1
DUF4580	1	1
DUF4586	1	1
DUF4584	1	1
DUF4588	1	1
DLEU7	1	1
Calpain_u2	1	1
SARAF	1	1
Rad60-SLD_2	1	1
Arv1	1	1
SecE	1	1
MRP-63	1	1
Menin	1	1
CDV3	1	1
Nup192	1	1
Pro-rich_19	1	1
Macoilin	1	1
ERbeta_N	1	1
SPG48	1	1
TFIIE_alpha	1	1
SBF_like	1	1
CENP-T_N	1	1
RNA_GG_bind	1	1
Peptidase_M8	1	1
Leo1	1	1
AGTRAP	1	1
FANCI_S3	1	1
FANCI_S2	1	1
FANCI_S4	1	1
Nab1	1	1
TFIIE-A_C	1	1
AP4E_app_platf	1	1
CEP209_CC5	1	1
RIX1	1	1
SRP9-21	1	1
UPF0556	1	1
Ssu72	1	1
U3snoRNP10	1	1
MRP-S32	1	1
Cys_Met_Meta_PP	1	1
EHN	1	1
Tubulin_3	1	1
Acid_PPase	1	1
LAX	1	1
LAT	1	1
Gln-synt_C	1	1
CytochromB561_N	1	1
Mitofilin	1	1
ETAA1	1	1
Tmemb_18A	1	1
Selenoprotein_S	1	1
Syntaxin-18_N	1	1
MLANA	1	1
NPDC1	1	1
Sin_N	1	1
Pex19	1	1
Pex16	1	1
PTN13_u3	1	1
Archease	1	1
Vps16_C	1	1
TFIID_20kDa	1	1
CDT1_C	1	1
GDWWSH	1	1
Tcf25	1	1
PRO8NT	1	1
DUF4633	1	1
ATE_N	1	1
ATE_C	1	1
AdoMet_MTase	1	1
DUF2615	1	1
RRN3	1	1
Rft-1	1	1
Tma16	1	1
zf-DNA_Pol	1	1
Ada3	1	1
HPS6	1	1
Ependymin	1	1
DUF4613	1	1
DUF4612	1	1
DUF4611	1	1
DUF4617	1	1
DUF4616	1	1
Cas1_AcylT	1	1
DUF4614	1	1
DUF4619	1	1
DUF4618	1	1
DUF2477	1	1
DUF947	1	1
DUF3700	1	1
GSH_synthase	1	1
HSCB_C	1	1
BioT2	1	1
Syntaxin-5_N	1	1
PRR22	1	1
Glyco_hydro_2	1	1
RAG2	1	1
DAP3	1	1
RAG1	1	1
Peroxin-13_N	1	1
ThiS	1	1
Rod_cone_degen	1	1
CDT1	1	1
UCMA	1	1
TRAPPC10	1	1
PPPI_inhib	1	1
EndIII_4Fe-2S	1	1
RRS1	1	1
Penicillinase_R	1	1
INCENP_ARK-bind	1	1
PTPS	1	1
PD-C2-AF1	1	1
PTPA	1	1
NIBRIN_BRCT_II	1	1
Borealin	1	1
Atg14	1	1
Gpi16	1	1
CYTH	1	1
HTH_3	1	1
INTS2	1	1
TPP1	1	1
Prenyltransf	1	1
YdjC	1	1
mRNA_cap_C	1	1
MoaC	1	1
Wbp11	1	1
PCO_ADO	1	1
T_cell_tran_alt	1	1
MPP6	1	1
TH1	1	1
Loricrin	1	1
OSCP	1	1
BRCT_assoc	1	1
Guanylate_cyc_2	1	1
HECA	1	1
Spt5-NGN	1	1
SPACA7	1	1
CSTF1_dimer	1	1
CLU_N	1	1
OTOS	1	1
VEFS-Box	1	1
Catalase	1	1
TERB2	1	1
CNDH2_C	1	1
LKAAEAR	1	1
Trimer_CC	1	1
Amnionless	1	1
FRB_dom	1	1
Dynactin	1	1
COX15-CtaA	1	1
SCAI	1	1
PMSI1	1	1
RSB_motif	1	1
PIN_6	1	1
ARD	1	1
Frataxin_Cyay	1	1
TM140	1	1
Ins_P5_2-kin	1	1
zf-tcix	1	1
Cactin_mid	1	1
SNCAIP_SNCA_bd	1	1
PS_Dcarbxylase	1	1
ProRS-C_1	1	1
Ofd1_CTDD	1	1
zf-SNAP50_C	1	1
RTP1_C1	1	1
RTP1_C2	1	1
Glyco_hydr_116N	1	1
Suf	1	1
eIF-3_zeta	1	1
RNA_pol	1	1
MRP-S31	1	1
MRP-S33	1	1
PLA2_inh	1	1
MRP-S34	1	1
DUF2678	1	1
DUF3819	1	1
Flavokinase	1	1
Promethin	1	1
DUF4639	1	1
DUF4638	1	1
Ribosomal_S27	1	1
DUF4636	1	1
DUF4630	1	1
Diphthami_syn_2	1	1
Ndc80_HEC	1	1
SnAPC_2_like	1	1
Colipase	1	1
Rapsyn_N	1	1
Autophagy_N	1	1
Autophagy_C	1	1
C6_DPF	1	1
CEBP1_N	1	1
Parathyroid	1	1
ParBc	1	1
SNF5	1	1
